id,domain,status,purchase_price,renewal_price,attractiveness,demand,length,registrar,created_at,expires_at,status_verified_at
88142a0f-bd62-454a-962c-dca730a8ae33,neverending.rodeo,available,16.99,,high,low,12,name.com,,,
944d8b5f-9b62-48d5-b78c-8fd4ee7c2b5d,blackmail.rodeo,available,12.99,12.99,high,low,9,namesilo,,,24/09/2026 02:52
fe0dfef0-e661-437e-a4d3-289a2eb08628,genoese.rodeo,available,12.99,12.99,high,low,7,namesilo,,,18/08/2026 21:48
d37d3a37-9dd2-4908-be62-1c61d76ea800,peppery.rodeo,available,12.99,12.99,high,low,7,namesilo,,,08/09/2026 15:37
33f8f4fa-61e6-411c-9c86-4e020a37de1d,atreus.rodeo,available,16.99,16.99,medium,low,6,name.com,,,21/09/2026 00:43
48987132-4455-4a28-a848-6ce259a93bca,devotee.rodeo,available,12.99,12.99,high,low,7,namesilo,,,11/08/2026 07:49
38cb0200-d984-4ffc-adff-b5fedf455c84,sara.rodeo,premium,52,13,high,low,4,namecheap,,,25/09/2026 21:30
3f3241de-f1d0-49a9-af45-4a53f814dc24,uncomfortable.rodeo,available,12.99,12.99,medium,low,13,namesilo,,,26/09/2026 00:44
3e5bfac4-60d0-4c0f-990c-c5d25dbb637c,andromeda.rodeo,available,16.99,,high,low,9,name.com,,,
40187793-b5d2-4c07-afe1-7a26648406d2,alsatia.rodeo,available,12.99,12.99,medium,low,7,namesilo,,,18/09/2026 14:16
cadaf877-29f2-49fd-989e-aa739732cbd3,ionic.rodeo,available,12.99,12.99,high,low,5,namesilo,,,22/08/2026 09:29
ca21a1b1-5d5a-4c20-b499-83bc93bb245c,letting.rodeo,available,12.99,12.99,high,low,7,namesilo,,,09/09/2026 14:21
de073c2e-33ca-45f0-92fb-d2ef621e1f1e,lovesick.rodeo,available,12.99,12.99,high,low,8,namesilo,,,24/08/2026 10:18
339dea40-cec7-49a1-a2ad-5202bd4e4d4d,satiric.rodeo,available,12.99,12.99,medium,low,7,namesilo,,,09/09/2026 21:51
be5288b1-b0aa-4cc7-bdbf-854e36bf6f08,gao.rodeo,available,12.99,12.99,high,low,3,namesilo,,,25/09/2026 06:16
3204570c-35d8-4355-8dd1-97f252d2cc9f,taal.rodeo,available,12.99,12.99,medium,low,4,namesilo,,,
cfbe9f98-ec05-4ae8-8b16-75d29469b337,digitiser.rodeo,available,12.99,12.99,high,low,9,namesilo,,,19/09/2026 01:52
d7df95ce-b58d-4a21-8a37-4dc1294e5807,apparition.rodeo,available,12.99,12.99,high,low,10,namesilo,,,08/09/2026 18:34
003f5de8-c0cd-4851-90f7-e1f04dbbba82,grecian.rodeo,available,13.98,17.98,high,low,7,namecheap,,,20/08/2026 19:44
f9d2b7d8-7ff1-43a8-b00e-b1925fa69ae3,herculean.rodeo,available,12.99,12.99,high,low,9,namesilo,,,21/08/2026 07:06
844b26d5-b208-4adc-a8d5-0468330edc9f,always.rodeo,available,12.99,12.99,high,low,6,namesilo,,,
52acb24b-2d92-4cbf-99e8-72be9666fc30,trendy.rodeo,available,13.98,17.98,high,low,6,namecheap,,,11/09/2026 19:19
df6af46c-5316-423b-b7aa-5d739814f801,cant.rodeo,available,12.99,12.99,medium,low,4,namesilo,,,13/09/2026 04:09
ad26a084-5509-420a-a6b0-5b78bea5c6a0,diabetes.rodeo,available,12.99,12.99,high,low,8,namesilo,,,
83c3b411-ccb9-4f22-8da9-d5844d7432df,adze.rodeo,available,12.99,12.99,medium,low,4,namesilo,,,17/09/2026 12:02
651cbf82-2db3-476e-ba23-7a18761c6386,repentant.rodeo,available,12.99,12.99,medium,low,9,namesilo,,,08/09/2026 14:32
9c7a5988-c79b-4c8d-8061-48a60189f2b5,executable.rodeo,available,12.99,12.99,high,low,10,namesilo,,,17/08/2026 16:50
ea4d1d2d-e076-4237-aefd-b84cb6f9fa27,citrin.rodeo,available,13.98,17.98,high,low,6,namecheap,,,23/09/2026 18:00
4d0cc8cb-9aca-43ab-8e30-4cdcbfb9daab,fruits.rodeo,available,12.99,12.99,high,low,6,namesilo,,,17/09/2026 12:52
40705d85-de19-456d-871a-1b222f6acbb6,angled.rodeo,available,12.99,12.99,high,low,6,namesilo,,,
e0c8f1b5-e766-4d69-882d-6bea5749d0a6,chubby.rodeo,available,12.99,12.99,high,low,6,namesilo,,,12/08/2026 07:31
f64be0fe-567e-415a-9a56-9b96b90fad4e,threshold.rodeo,available,12.99,12.99,high,low,9,namesilo,,,24/09/2026 10:33
ed97e344-d6e2-46ff-88fa-fba53c738668,frugally.rodeo,available,13.98,17.98,medium,low,8,namecheap,,,14/09/2026 20:25
2745a040-9570-4622-9966-6cc089483e92,stupidity.rodeo,available,12.99,12.99,medium,low,9,namesilo,,,23/09/2026 11:18
2218bea8-02b3-4f04-bcf0-4141fda5fa45,kochia.rodeo,available,12.99,12.99,medium,low,6,namesilo,,,22/09/2026 12:18
90fae203-29ea-4d61-b0ef-73e89bd223d1,smoked.rodeo,available,12.99,12.99,medium,low,6,namesilo,,,10/09/2026 11:53
9eff1c90-0a99-4d04-9733-fde65d041519,crustal.rodeo,available,12.99,12.99,medium,low,7,namesilo,,,13/08/2026 09:20
ed063ac6-1484-4423-a721-ae9c3514ba2b,sheer.rodeo,available,12.99,12.99,high,low,5,namesilo,,,22/09/2026 23:12
43abf61e-f781-4d7d-b655-81f4021a68e2,against.rodeo,available,12.99,12.99,medium,low,7,namesilo,,,
f66a192b-0738-493a-8062-8d5c74213827,repulsive.rodeo,available,12.99,12.99,medium,low,9,namesilo,,,
beaa1bcf-8b24-4b94-bb2c-9b43a924a809,antagonist.rodeo,available,13.98,17.98,high,low,10,namecheap,,,17/09/2026 10:48
33a9bd09-5ce5-44e1-af06-7c9b8e1794dc,short.rodeo,premium,96,11.8,high,medium,5,namesilo,,,24/09/2026 04:44
f8899020-0f53-4ea4-9f5b-a22bbcaea657,titles.rodeo,available,12.99,12.99,medium,low,6,namesilo,,,18/09/2026 13:24
c54feec7-18d5-4b02-9fe1-434daf99d839,emergent.rodeo,available,12.99,12.99,high,low,8,namesilo,,,16/08/2026 14:17
6e9ded5b-8010-4207-abbd-aa91594bcfbc,pies.rodeo,available,12.99,12.99,medium,low,4,namesilo,,,
499ddb20-d3c2-4f88-bb1f-e729771923ce,irons.rodeo,available,12.99,12.99,high,low,5,namesilo,,,
73d98c26-21ef-4008-afbb-344cf8bcf28c,goit.rodeo,available,12.99,12.99,high,low,5,namesilo,,,17/09/2026 17:43
d7b4a053-40f8-4f50-bfca-03bb7a4c25b4,roads.rodeo,available,12.99,12.99,high,low,5,namesilo,,,
022c8c4f-f4fa-49bc-8a0e-b378707a7dcd,bleached.rodeo,available,12.99,12.99,medium,low,8,namesilo,,,10/08/2026 13:52
7b4037cc-e40e-44b8-b6da-206d0a005aac,nonskid.rodeo,available,12.99,12.99,medium,low,7,namesilo,,,03/09/2026 20:36
af9d3716-46f9-4133-9a93-15d78c90ceb4,unborn.rodeo,available,12.99,12.99,high,low,6,namesilo,,,12/09/2026 02:23
8da6044d-6e55-479d-9468-f4e967c7010c,pouch.rodeo,available,13.98,17.98,high,low,5,namecheap,,,24/09/2026 11:07
ea92e7f2-894e-44a9-9c2d-0b945dc368b3,tickling.rodeo,available,12.99,12.99,high,low,8,namesilo,,,11/09/2026 15:27
3635083a-5056-4662-af8b-1490924db43d,cajole.rodeo,available,13.98,17.98,high,low,6,namecheap,,,24/09/2026 04:10
61f6e253-e1f5-4a24-ba7c-a93fa9adfa78,uniformly.rodeo,available,13.98,17.98,medium,low,9,namecheap,,,16/09/2026 10:05
beb6ebd8-9f50-40bd-aa70-b663c293f714,demoted.rodeo,available,12.99,12.99,low,low,7,namesilo,,,21/09/2026 05:02
49567c36-fb23-4dcf-b6c1-9b258fcfcee2,bns.rodeo,available,12.99,12.99,high,low,3,namesilo,,,21/09/2026 14:15
5165ea8b-14e8-4898-aa07-9a25c6530c8f,wiggly.rodeo,available,12.99,12.99,high,low,6,namesilo,,,10/09/2026 08:40
98424efe-d70c-4349-b4bd-b5a17a533a3f,seeping.rodeo,available,12.99,12.99,medium,low,7,namesilo,,,04/09/2026 15:36
0122f665-477f-4ebd-ba11-4f5ec4b16ed8,lambent.rodeo,available,12.99,12.99,medium,low,7,namesilo,,,
3d81f303-6e90-4558-bdc0-a7a6811d2571,uncreative.rodeo,available,12.99,12.99,medium,low,10,namesilo,,,12/09/2026 06:24
0709671c-6c95-40ad-a86b-6724b9a7cb46,safe.rodeo,available,16.99,,high,medium,4,name.com,,,
970bcda7-2766-47c8-b5cc-e4d60583f3ac,stating.rodeo,available,12.99,12.99,high,low,7,namesilo,,,
074889ed-f15e-446f-bc6b-6b8ae452f141,transcend.rodeo,available,12.99,12.99,high,low,9,namesilo,,,11/09/2026 17:23
ccc543d9-9b49-4685-b084-c58fd1b4a0bf,hic.rodeo,premium,47.2,11.8,high,low,3,namesilo,,,
b58ff515-d367-463e-843e-ed17a1cb9b4e,mikhail.rodeo,available,13.98,17.98,medium,low,7,namecheap,,,26/09/2026 03:33
bf8309af-21ce-4f03-ba52-c9ab916f0ab4,irak.rodeo,available,12.99,12.99,high,high,4,namesilo,,,18/09/2026 00:54
59f3ec7b-63d8-4246-ad5b-1ec8693ea082,asarum.rodeo,available,12.99,12.99,medium,low,6,namesilo,,,20/09/2026 12:52
82ebff63-e6bf-4fbd-96a7-72ab75bedf58,ibrahim.rodeo,available,12.99,12.99,high,low,7,namesilo,,,16/09/2026 16:51
e25c37b9-c2c9-4851-b335-69288061372c,sour.rodeo,available,12.99,12.99,high,low,4,namesilo,,,20/08/2026 15:04
9d469e3d-9d56-4baf-a79e-1c06537c92ea,snotty.rodeo,available,12.99,12.99,medium,low,6,namesilo,,,09/08/2026 20:42
7e6b2580-5089-4812-871a-6794940c66e6,resolvable.rodeo,available,12.99,12.99,high,low,10,namesilo,,,
b30c97d2-b70b-4fac-86c6-9e8ccaa65ba6,judaic.rodeo,available,12.99,12.99,medium,low,6,namesilo,,,22/08/2026 13:17
aaa2f92f-858c-4396-ab9a-f0be9a4e0bc9,cake.rodeo,available,12.99,12.99,high,low,4,namesilo,,,23/09/2026 06:16
0cf81d35-0e4a-453b-891a-7db1fc7be22b,flamboyant.rodeo,available,12.99,12.99,high,low,10,namesilo,,,22/09/2026 12:57
21e388a4-0ea5-4e27-89ed-64bd0921742f,colleagues.rodeo,available,12.99,12.99,medium,low,10,namesilo,,,18/09/2026 23:15
34491af4-d425-4ead-a95e-b3b8ed62ef35,nostrils.rodeo,available,12.99,12.99,medium,low,8,namesilo,,,
b98c8bb7-c90e-4314-ae07-1835670db659,nookie.rodeo,available,12.99,12.99,medium,low,6,namesilo,,,18/08/2026 17:31
700276c1-0b38-4ac1-b705-21e742808af3,bedsit.rodeo,available,13.98,17.98,medium,low,6,namecheap,,,22/09/2026 23:36
403c1335-ab9f-42c9-a331-7f21cd565195,alaska.rodeo,premium,96,11.8,high,low,6,namesilo,,,
82297039-5023-47b2-b98c-19a23bb9a9d1,flack.rodeo,available,12.99,12.99,medium,low,5,namesilo,,,
bb71e831-016a-4fa5-8c59-9bf13b16bc92,aerophagia.rodeo,available,12.99,12.99,medium,low,10,namesilo,,,17/09/2026 13:11
9c7ef685-524a-4f55-b45e-347b1f22fd58,role.rodeo,available,12.99,12.99,high,low,4,namesilo,,,25/09/2026 09:54
2f64229e-7955-49db-8deb-c354916b3e88,mangold.rodeo,available,12.99,12.99,medium,low,7,namesilo,,,23/09/2026 11:02
9443be3a-1eeb-4407-9773-3f844468b3c3,alkalic.rodeo,available,12.99,12.99,medium,low,7,namesilo,,,
373eba1e-2d79-43cc-b931-3271a83b21d9,silently.rodeo,available,12.99,12.99,medium,low,8,namesilo,,,15/09/2026 15:52
53540782-63b5-4675-ba55-95625bd1b4c3,unhallowed.rodeo,available,12.99,12.99,medium,low,10,namesilo,,,12/09/2026 11:49
02e241ca-9c56-44b9-9af9-9655084f0ad0,curie.rodeo,available,12.99,12.99,high,low,5,namesilo,,,12/08/2026 08:00
8bb8aeae-19f2-484c-bc9a-af7a5f680d96,ductless.rodeo,available,13.98,17.98,medium,low,8,namecheap,,,14/08/2026 20:54
a5316914-22c5-409b-a0ea-2ac153af93fd,simpleness.rodeo,available,12.99,12.99,medium,low,10,namesilo,,,24/09/2026 13:51
1a4382f2-d9ac-48b9-884e-694b958f477c,bearskin.rodeo,available,16.99,16.99,high,low,8,name.com,,,22/09/2026 21:25
21586ba6-ddd3-40b3-a85b-d0f7a7198e81,wedged.rodeo,available,12.99,12.99,medium,low,6,namesilo,,,21/08/2026 21:38
d9f15fb6-69dd-408d-aeb4-8036699024ad,irritated.rodeo,available,,,medium,low,9,,,,
f3ae2e07-bd05-4b17-a10c-46e04a9fb94c,televised.rodeo,available,13.98,17.98,high,low,9,namecheap,,,21/09/2026 05:39
adb0d283-2da6-4578-a904-8d660cb4d6cc,odious.rodeo,available,12.99,12.99,medium,low,6,namesilo,,,
9eff3056-9488-438d-ad2c-d5023d833feb,gate.rodeo,premium,50,,high,low,4,name.com,,,
da4123ef-f5a7-458a-b029-702062192cce,drifting.rodeo,available,13.98,17.98,high,low,8,namecheap,,,14/08/2026 19:13
5b8bc265-fa80-4b9f-921f-946cda66bd2b,congolese.rodeo,available,12.99,12.99,high,low,9,namesilo,,,12/08/2026 21:54
1ad75f8e-c94a-4e36-afe8-1abfe4e846b1,rope.rodeo,premium,96,11.8,high,low,4,namesilo,,,25/09/2026 22:52
ef271328-f3c0-42ca-93ec-e637fbcffc6c,blok.rodeo,available,12.99,12.99,high,low,4,namesilo,,,18/09/2026 05:01
9ecf2689-1a24-456e-adb2-eda2ec6fa391,baseball.rodeo,premium,96,11.8,high,low,8,namesilo,,,
f13addc0-b930-4f60-bd6b-a944200846b5,delusive.rodeo,available,12.99,12.99,medium,low,8,namesilo,,,14/08/2026 00:53
643dcb8e-06d9-4dd8-b576-ab4ffdae0392,schweitzer.rodeo,available,12.99,12.99,high,low,10,namesilo,,,18/09/2026 02:40
8f0abf1c-0dd8-4320-a813-71335b5e0ee2,icky.rodeo,available,12.99,12.99,medium,low,4,namesilo,,,13/08/2026 05:07
11999ad2-c5fe-4ad6-b589-7b2001fa5c21,legendary.rodeo,available,13.98,17.98,high,low,9,namecheap,,,17/08/2026 20:13
66be785e-e593-44f1-b6d0-1a0a47788171,lavatory.rodeo,available,12.99,12.99,high,low,8,namesilo,,,09/09/2026 02:14
fbe71df0-fc47-44b9-906b-07cabbdc6608,trend.rodeo,available,12.99,12.99,high,low,5,namesilo,,,
620b2743-9946-4e3d-9222-f63a49197585,wants.rodeo,available,13.98,17.98,medium,low,5,namecheap,,,25/09/2026 17:58
b6e6911e-5466-48ca-9137-2d8669d8d075,toffy.rodeo,available,12.99,12.99,medium,low,5,namesilo,,,11/08/2026 04:55
667a89af-6f96-40b4-a8b4-0e073bf00eb2,treachery.rodeo,available,12.99,12.99,medium,low,9,namesilo,,,23/09/2026 11:23
8a6179b1-b663-4134-ba5d-074025a0f2ca,shun.rodeo,available,13.98,17.98,high,low,4,namecheap,,,24/09/2026 02:00
b24645b6-395b-41eb-8680-b9055149ce30,acarpelous.rodeo,available,12.99,12.99,medium,low,10,namesilo,,,
2848b72f-a49d-4ddb-b518-727a187b2ca7,elysian.rodeo,available,12.99,12.99,high,low,7,namesilo,,,16/08/2026 06:18
d07154fc-e32a-483d-a61a-c5b7bf423434,illusory.rodeo,available,13.98,17.98,medium,low,8,namecheap,,,21/08/2026 20:15
8546b9ed-71b4-4a0b-9389-94a23981daf1,yearner.rodeo,available,12.99,12.99,medium,low,7,namesilo,,,15/09/2026 12:51
5382d4eb-fb0f-4bab-9af3-14430bf294f0,dana.rodeo,available,12.99,12.99,high,low,4,namesilo,,,25/09/2026 22:21
8b666214-94ee-4104-9614-c4d8abc5a41f,uniate.rodeo,available,12.99,12.99,medium,low,6,namesilo,,,12/09/2026 12:42
2e84b940-74bb-4ffc-ade3-b2e27b2170b4,you.rodeo,premium,96,11.8,high,medium,3,namesilo,,,
063cf139-1961-4c19-952e-352d9b1878d6,fortuitous.rodeo,available,12.99,12.99,high,low,10,namesilo,,,18/08/2026 12:43
fdd56967-28ff-4a36-ae08-13579b6e3ccb,rife.rodeo,available,13.98,17.98,medium,low,4,namecheap,,,04/09/2026 20:07
cefba71b-e14c-4a40-95bb-f7b546339f65,whips.rodeo,available,13.98,17.98,medium,low,5,namecheap,,,17/09/2026 19:42
28f53613-e71d-473f-8990-83128b39f686,asparagus.rodeo,available,12.99,12.99,high,low,9,namesilo,,,20/09/2026 14:40
5ce862cc-327f-46b1-a905-edc0b7ff52b4,ambivalence.rodeo,available,12.99,12.99,high,low,11,namesilo,,,
93a48876-289a-405b-b5a8-bf47161475a9,turnabout.rodeo,available,12.99,12.99,high,low,10,namesilo,,,
e98c5d88-209f-4328-baf2-19d817d42f4d,unchecked.rodeo,available,12.99,12.99,medium,low,9,namesilo,,,12/09/2026 04:32
559b58e9-d723-4def-a6a2-f8b6fce7b90c,seafood.rodeo,available,12.99,12.99,high,low,7,namesilo,,,08/09/2026 02:47
bcc3199f-c398-4edb-afb3-836da70815e4,advertising.rodeo,available,13.98,17.98,high,low,11,namecheap,,,23/09/2026 07:26
0191b02b-e99b-4eac-a746-917cfadbd5b7,misfortune.rodeo,available,12.99,12.99,medium,low,10,namesilo,,,21/09/2026 16:43
9350cf97-1f95-45db-803e-a7d2584dae98,gratuitous.rodeo,available,12.99,12.99,high,low,10,namesilo,,,13/08/2026 03:14
f4d743fe-be50-402d-9c2a-5670c515cbaa,variant.rodeo,available,12.99,12.99,high,low,7,namesilo,,,13/09/2026 01:15
b531995d-bbd8-48d8-bc50-d32af6fb0775,alembic.rodeo,available,12.99,12.99,high,low,7,namesilo,,,18/09/2026 05:10
4006982f-068b-45d5-a207-aebdc29a4c8c,songwriter.rodeo,available,12.99,12.99,high,low,10,namesilo,,,21/09/2026 22:37
37230f2f-21e8-4c97-8ec8-b6184137f303,suggested.rodeo,available,13.98,17.98,medium,low,9,namecheap,,,18/09/2026 13:48
a25e1042-f5e2-4050-be83-b6fa28d85b68,wives.rodeo,available,16.99,,medium,low,5,name.com,,,
078d466e-ec62-4e42-adcb-85d500e5cf79,honestly.rodeo,available,12.99,12.99,high,low,8,namesilo,,,
9363e6d7-cf4c-41de-b03d-c21b2ea9cfba,whitefish.rodeo,available,12.99,12.99,high,low,10,namesilo,,,
b32f0b8f-93b0-42cb-baae-68930882ec34,phases.rodeo,available,12.99,12.99,medium,low,6,namesilo,,,18/09/2026 14:38
045176ec-f4c8-4c5c-97ed-63b3d53fe402,forrest.rodeo,premium,52,13,high,low,7,namecheap,,,25/09/2026 12:36
f18c7b0d-8d36-446b-90f1-cab30a590887,clue.rodeo,available,12.99,12.99,high,low,4,namesilo,,,
bf7d01a0-52d2-4a65-adb5-3afc0b8ae0ba,package.rodeo,available,13.98,17.98,high,low,7,namecheap,,,24/09/2026 07:42
7df4ed21-ae45-4ae3-94dc-794961e343a6,bohme.rodeo,available,12.99,12.99,high,low,5,namesilo,,,23/09/2026 03:34
c2f4f4e9-58f0-4cd2-97c9-b576fe379275,milksop.rodeo,available,12.99,12.99,medium,low,7,namesilo,,,10/09/2026 08:50
41abf13d-3e13-4bbc-9742-2cbbd37361c9,pennies.rodeo,available,12.99,12.99,medium,low,7,namesilo,,,
61156370-9461-4fa7-b669-e504ebc6dbae,beanfeast.rodeo,available,13.98,17.98,medium,low,9,namecheap,,,22/09/2026 20:29
742c6397-ce34-41b1-8da9-be7c66514282,lowering.rodeo,available,12.99,12.99,high,low,8,namesilo,,,25/09/2026 15:28
4f435d88-b305-4648-a227-89698f364ad6,randolph.rodeo,premium,47.2,11.8,high,low,8,namesilo,,,25/09/2026 14:59
d529a6c1-6fdd-4f13-a98c-c0600c2ab85e,jensen.rodeo,available,16.99,16.99,high,low,6,name.com,,,25/09/2026 07:58
9415f77b-bd2e-4596-a80d-d10516a1cdb1,wintry.rodeo,available,12.99,12.99,medium,low,6,namesilo,,,18/08/2026 16:31
cc85f712-071a-49ca-97a3-70c1a0f2ec0f,latakia.rodeo,available,12.99,12.99,medium,low,7,namesilo,,,18/09/2026 01:28
9357e727-45ab-4e4e-b518-0902a271e9d8,stainable.rodeo,available,13.98,17.98,low,low,9,namecheap,,,10/09/2026 18:12
f61763e8-2265-49a2-ada1-5b8b8ea33ade,autogiro.rodeo,available,12.99,12.99,medium,low,8,namesilo,,,21/09/2026 06:22
19dee857-05ae-4155-82c0-963f056251fa,cave.rodeo,available,12.99,12.99,high,low,4,namesilo,,,24/09/2026 13:21
477b3fec-e40e-45e4-828f-28f9a1d998c2,calculation.rodeo,available,12.99,12.99,high,low,11,namesilo,,,25/09/2026 04:46
867b58de-6cab-49c0-b0d6-4abf83a17831,sunken.rodeo,available,12.99,12.99,medium,low,6,namesilo,,,13/08/2026 22:55
6cca81c4-7825-43d4-94b0-dc022c7bfb17,platelike.rodeo,available,13.98,17.98,high,low,9,namecheap,,,08/09/2026 20:17
71d3b644-24b3-41e0-8a72-30caec5d3efd,allocator.rodeo,available,13.98,17.98,high,low,9,namecheap,,,18/09/2026 11:47
3992c398-2cca-4d7b-b216-87920d5c99b9,conflict.rodeo,available,13.98,17.98,high,low,8,namecheap,,,22/09/2026 14:40
c76c036b-87db-4672-b94f-4a16ec4a9d55,ballock.rodeo,available,12.99,12.99,medium,low,7,namesilo,,,21/09/2026 23:03
38115245-135b-4b3c-bf14-cb4e5f0b85c1,wobbling.rodeo,available,12.99,12.99,medium,low,8,namesilo,,,13/09/2026 12:52
bac10fc1-2af2-4812-bc1c-55f99c91f7c3,wellness.rodeo,available,12.99,12.99,high,medium,8,namesilo,,,25/09/2026 02:52
1ba75924-00d3-4452-a6e9-93432dd55569,perfidy.rodeo,available,13.98,17.98,medium,low,7,namecheap,,,23/09/2026 11:25
bedd58c2-435b-4c8c-bc83-f5369dafbb75,drizzling.rodeo,available,13.98,17.98,medium,low,9,namecheap,,,14/08/2026 19:38
22789a39-3b70-4ce2-9852-fce1e4c0d8de,traveler.rodeo,available,12.99,12.99,high,low,8,namesilo,,,
95912005-2062-4df5-b76b-575b1efcf3f0,wiggler.rodeo,available,12.99,12.99,medium,low,7,namesilo,,,19/09/2026 06:38
8e57f4a9-4a73-41a5-adfe-3804ac8fb122,magenta.rodeo,available,12.99,12.99,high,low,7,namesilo,,,24/08/2026 12:57
d373eb9a-7f02-48cf-9faa-a3587213b028,brazilian.rodeo,premium,242,11.8,high,low,9,namesilo,,,11/08/2026 02:57
75669571-1d07-4e74-9b2d-1b87099f4c33,indeed.rodeo,available,,,high,high,6,,,,
8d47c4a2-1b44-4b70-96be-e850714a3892,pouf.rodeo,available,12.99,12.99,high,low,4,namesilo,,,09/09/2026 08:13
edcafffe-3197-45fb-95be-22fc98f74eb4,tomboys.rodeo,available,12.99,12.99,medium,low,7,namesilo,,,20/09/2026 23:15
c87fb04a-a3fd-47ac-9374-ea33ae7259ac,babylonia.rodeo,available,13.98,17.98,high,low,9,namecheap,,,21/09/2026 13:51
ba825cbe-b0b3-4487-bfa7-8447ff461955,sugared.rodeo,available,12.99,12.99,medium,low,7,namesilo,,,11/09/2026 01:16
d6524416-91bc-4cb2-b0f2-7c52f07c657e,askance.rodeo,available,12.99,12.99,medium,low,7,namesilo,,,07/08/2026 02:56
410c16d0-68e7-469f-8bf8-18f2005128a6,subtly.rodeo,available,12.99,12.99,medium,low,6,namesilo,,,16/09/2026 07:33
1e6ac3f6-b0bd-474b-bbcf-dd85871bd53e,imported.rodeo,available,12.99,12.99,high,low,8,namesilo,,,21/08/2026 22:48
dfb01e6c-e788-4139-a783-da490a40cc12,tornadoes.rodeo,available,12.99,12.99,medium,low,9,namesilo,,,16/09/2026 14:14
a3935940-8378-47d3-99cb-109370021db4,expressly.rodeo,available,12.99,12.99,medium,low,9,namesilo,,,14/09/2026 17:09
d68f8999-1f68-4960-8c10-f318a6a7e319,icon.rodeo,available,12.99,12.99,high,medium,4,namesilo,,,
c16d9f31-9e44-493f-bf64-f61507c913cb,exhale.rodeo,available,12.99,12.99,high,low,6,namesilo,,,
80c4b2d2-932a-463d-9eba-1e345e3135dc,mistaken.rodeo,available,12.99,12.99,medium,low,8,namesilo,,,25/08/2026 01:52
9e65f274-0128-4a69-ad8e-589a03087e18,tyro.rodeo,available,12.99,12.99,high,low,4,namesilo,,,23/09/2026 02:27
33ca3a18-3688-4741-98ac-43ca9be08c91,zoonotic.rodeo,available,12.99,12.99,high,low,8,namesilo,,,13/09/2026 15:35
a0a20572-1ab7-4096-9161-fd93588b1c85,stabilized.rodeo,available,13.98,17.98,high,low,10,namecheap,,,10/09/2026 17:54
ff35a1f2-bccd-490b-8a26-b88d8de27a49,trine.rodeo,available,12.99,12.99,medium,low,5,namesilo,,,
03378bed-ba0a-4e5e-a3cf-2a725d4d891e,proximate.rodeo,available,12.99,12.99,high,low,9,namesilo,,,09/09/2026 04:46
db5ee223-1156-440f-ab59-653dd20327de,salacious.rodeo,available,12.99,12.99,medium,low,9,namesilo,,,23/08/2026 00:40
cfef367a-24a7-40e4-b206-310bf6b5e547,shoplift.rodeo,available,12.99,12.99,medium,low,8,namesilo,,,
858757ad-b016-4032-931e-47c1484d229f,blob.rodeo,available,12.99,12.99,high,low,4,namesilo,,,
4d18f0da-56a7-4f6a-8c2a-0933d285c89d,anderson.rodeo,premium,47.2,11.8,high,medium,8,namesilo,,,19/09/2026 04:34
827085a1-aa4f-46f8-8e5d-c7b9423c912c,focus.rodeo,available,12.99,12.99,high,medium,5,namesilo,,,19/09/2026 06:53
ab627f6b-b891-42fa-b3b5-107e3bde12ea,bertolucci.rodeo,available,12.99,12.99,medium,low,10,namesilo,,,23/09/2026 09:50
9a0c212c-99dc-43b3-bc45-c17876e40917,denis.rodeo,available,16.99,16.99,high,low,5,name.com,,,25/09/2026 15:03
486d4a7f-c07d-4a45-98d4-3f43052a3242,backed.rodeo,available,12.99,12.99,high,low,6,namesilo,,,08/08/2026 05:33
ff9541c2-167e-405b-a32d-0c82ab3d09df,blanched.rodeo,available,12.99,12.99,medium,low,8,namesilo,,,07/08/2026 02:14
b919ef58-2916-472e-88b2-a47b4087ec93,phillips.rodeo,premium,52,13,high,low,8,namecheap,,,25/09/2026 18:30
85f13a74-ab50-4356-ae25-c6b03f8e2e7f,dial.rodeo,available,12.99,12.99,high,medium,4,namesilo,,,24/09/2026 22:10
1ec9fa97-aaf5-4890-997d-fbbec71c806f,astatic.rodeo,available,12.99,12.99,high,low,7,namesilo,,,07/08/2026 08:36
c713c661-e3e5-4c3e-82b3-3bcb506f5aea,perceiving.rodeo,available,16.99,,high,low,10,name.com,,,
ecc54706-583d-4bc6-b003-48a0559ab0d5,bacterial.rodeo,available,12.99,12.99,high,low,9,namesilo,,,22/09/2026 16:00
6a136db4-bc92-4fad-b2b4-7605581f6d21,borne.rodeo,available,12.99,12.99,high,low,5,namesilo,,,
841f7cc4-432a-4570-b497-3c4df4305bd5,undigested.rodeo,available,12.99,12.99,medium,low,10,namesilo,,,12/09/2026 08:01
db32ee39-e849-4b8b-b6eb-0f1b036599d7,strategic.rodeo,available,12.99,12.99,high,low,9,namesilo,,,
5b86449b-91d0-4eea-9868-4a042679c17b,inexorable.rodeo,available,12.99,12.99,medium,low,10,namesilo,,,
cb0b87e9-26b1-4ad6-bb78-b7d53f4226a2,defensive.rodeo,available,12.99,12.99,high,low,9,namesilo,,,13/08/2026 23:15
05b68be9-11ec-491a-82eb-511f58ae17e1,knobby.rodeo,available,12.99,12.99,medium,low,6,namesilo,,,22/08/2026 16:29
7fd6d8c4-6d32-4a1b-8825-d98c3f5f0f85,lxxv.rodeo,available,13.98,17.98,medium,low,4,namecheap,,,
32527457-7e0e-48a0-8fac-76df348fc60a,bmus.rodeo,available,12.99,12.99,medium,low,4,namesilo,,,21/09/2026 14:14
71d0880d-2784-481d-8ab4-61cecf600c0c,untreated.rodeo,available,12.99,12.99,medium,low,9,namesilo,,,12/09/2026 21:44
2fb20ab0-3caf-4733-8013-75437a197b50,belisarius.rodeo,available,12.99,12.99,medium,low,10,namesilo,,,23/09/2026 05:17
cd30ca5c-3eae-455d-b91f-7ce50b8a8128,prayerful.rodeo,available,12.99,12.99,high,medium,9,namesilo,,,09/09/2026 01:05
d6cad7e9-5058-4c3d-ad17-8ee2a5d25351,assent.rodeo,available,12.99,12.99,high,low,6,namesilo,,,20/09/2026 16:09
4bf08e98-bad6-437f-87c1-8a5e826a135f,orderly.rodeo,available,12.99,12.99,high,low,7,namesilo,,,03/09/2026 14:34
af320c18-65bf-495e-a59f-3c477646bade,adventist.rodeo,available,12.99,12.99,high,low,9,namesilo,,,17/09/2026 10:33
3f08f967-2939-4463-8a16-6fdc7fb961f3,contains.rodeo,available,12.99,12.99,medium,low,8,namesilo,,,18/09/2026 15:08
eba00eb9-dc1c-4eef-b193-cce5f34a5e2e,diaper.rodeo,available,12.99,12.99,high,low,6,namesilo,,,03/09/2026 13:09
76acfa14-8bbb-4d96-bcd4-6776dff5f2d8,beneficent.rodeo,available,12.99,12.99,medium,low,10,namesilo,,,09/08/2026 14:22
b67b758b-13fd-4992-bd8a-885cead2e3d7,afflatus.rodeo,available,12.99,12.99,medium,low,8,namesilo,,,17/09/2026 14:39
8061dc35-4719-4692-ac3c-6fc3417ad3c9,affections.rodeo,available,13.98,17.98,medium,low,10,namecheap,,,17/09/2026 07:05
bde6f920-83a3-4b89-9000-e5266f455e2e,wajda.rodeo,available,12.99,12.99,medium,low,5,namesilo,,,19/09/2026 05:01
2fbcc011-864b-4f7d-8b7d-8a6332388886,gravy.rodeo,available,12.99,12.99,high,low,5,namesilo,,,24/09/2026 11:11
2c792599-1552-4765-a304-88b56db07bd4,overstep.rodeo,available,12.99,12.99,high,low,8,namesilo,,,11/09/2026 17:25
b2366c14-9ae2-4917-a421-003de5dc20af,newborn.rodeo,available,12.99,12.99,high,low,7,namesilo,,,03/09/2026 16:41
0ff8ef72-04fe-4f08-b431-a23183922f90,gloomy.rodeo,available,12.99,12.99,medium,low,6,namesilo,,,14/08/2026 11:40
f5148c2c-b27f-4b9c-8345-3ebba428da89,billion.rodeo,available,12.99,12.99,high,low,7,namesilo,,,22/09/2026 20:43
78bc6f74-2c98-4af6-9c5f-5c4741c2970a,technical.rodeo,available,13.98,17.98,high,low,9,namecheap,,,23/09/2026 20:19
140930c6-30e9-4528-9623-241dc0045c20,handled.rodeo,available,12.99,12.99,high,low,7,namesilo,,,20/08/2026 23:28
591fc925-65ca-4714-adec-79561b024695,translation.rodeo,available,12.99,12.99,high,low,11,namesilo,,,
e295edc1-c991-4598-9f32-131359b27463,movement.rodeo,available,16.99,,high,low,8,name.com,,,
cfc5401a-07e9-4730-8987-1fda422e25ed,deeper.rodeo,available,12.99,12.99,high,low,6,namesilo,,,17/09/2026 12:06
b5e68afd-52e1-4231-b92b-889f231348ec,alchemy.rodeo,available,13.98,17.98,high,medium,7,namecheap,,,18/09/2026 03:59
3113a725-1544-48b4-9924-5773f104b955,euphonious.rodeo,available,12.99,12.99,medium,low,10,namesilo,,,17/08/2026 14:17
718ff07e-b129-490c-a764-23dd1d24bfcf,because.rodeo,available,12.99,12.99,high,low,7,namesilo,,,
c306edc7-7682-49b9-81bb-209dd6ba533d,keller.rodeo,available,12.99,12.99,high,low,6,namesilo,,,25/09/2026 07:11
d7dca459-416f-45dd-b35b-a28ed09f81c0,aftershock.rodeo,available,13.98,17.98,high,low,10,namecheap,,,17/09/2026 15:51
f72b14f5-fbe8-4ac3-95d1-4e98c0ab3cde,tenable.rodeo,available,12.99,12.99,high,low,7,namesilo,,,11/09/2026 11:08
19de9053-032a-4af5-8aaf-4d16012eecc2,psychic.rodeo,available,12.99,12.99,high,low,7,namesilo,,,
69459852-8c56-4034-b107-bf7a2bed5a26,unexcited.rodeo,available,12.99,12.99,medium,low,9,namesilo,,,12/09/2026 09:30
07b1e23a-7f3e-4921-b5b6-6e338a31fa74,ayrshire.rodeo,available,13.98,17.98,high,low,8,namecheap,,,21/09/2026 10:44
e6c53984-e383-4434-b99b-35e9333896d9,bodied.rodeo,available,12.99,12.99,high,low,6,namesilo,,,10/08/2026 16:44
75ca9610-766a-4ff5-9f30-6dcc0901b0e7,brothel.rodeo,available,13.98,17.98,medium,low,7,namecheap,,,21/09/2026 18:15
72ec8785-b0e2-4b2a-accc-b4f5ebbb357f,afl.rodeo,available,12.99,12.99,high,low,3,namesilo,,,17/09/2026 15:04
f628634b-c0b6-48ae-b06e-6687104a2e4e,advisement.rodeo,available,12.99,12.99,medium,low,10,namesilo,,,17/09/2026 11:32
be11a98e-cf9e-4f77-9f93-4ca1e0bf8fa9,nightstick.rodeo,available,13.98,17.98,medium,low,10,namecheap,,,23/09/2026 16:38
5c0f0299-55c6-40dd-8723-6d126cb70ecc,dandified.rodeo,available,16.99,16.99,medium,low,9,name.com,,,13/08/2026 17:01
c74ce25d-27b3-4f8a-b5b3-b00bf67f1775,salim.rodeo,available,12.99,12.99,high,low,5,namesilo,,,19/09/2026 04:37
2b4416aa-ea28-4d2e-a112-82e9a4be7d5e,unmelted.rodeo,available,12.99,12.99,low,low,8,namesilo,,,12/09/2026 15:35
d907abfc-c18d-4dc9-ada0-f414af4071dc,awkwardly.rodeo,available,12.99,12.99,medium,low,9,namesilo,,,13/09/2026 22:55
088e7ef8-ed98-46df-ae46-f4e4ac6616d3,ptolemaic.rodeo,available,12.99,12.99,medium,low,9,namesilo,,,09/09/2026 05:10
42b01235-6e6f-4f74-b934-52cbfc68a245,beatrice.rodeo,available,13.98,17.98,high,low,8,namecheap,,,22/09/2026 21:46
340400bc-ef13-4b22-9817-a463e136749c,junk.rodeo,available,13.98,17.98,medium,low,4,namecheap,,,24/09/2026 21:06
829fb5ec-e54e-40e8-b8eb-adea22ee7840,encyclical.rodeo,available,12.99,12.99,medium,low,10,namesilo,,,17/08/2026 00:42
2386dfdb-3c66-4c21-b7fe-948dc9ccc934,diplomacy.rodeo,available,12.99,12.99,high,low,9,namesilo,,,
50862c33-4167-4ebc-9e89-f209c2ed4dce,traumatic.rodeo,available,13.98,17.98,high,low,9,namecheap,,,11/09/2026 19:03
23bea6dc-feae-4f4c-9dcb-1e92632575b2,false.rodeo,available,12.99,12.99,high,low,5,namesilo,,,22/09/2026 10:15
1cbb2dd1-9079-4de6-b338-fc8dc50aa650,wide.rodeo,available,13.98,17.98,high,low,4,namecheap,,,21/09/2026 16:15
012f3d4d-eb59-4b73-989a-4fe7464928d4,pasted.rodeo,available,12.99,12.99,high,low,6,namesilo,,,20/08/2026 15:14
d8f578fc-ebb8-438c-856e-e32d5a623325,arboreal.rodeo,available,12.99,12.99,high,low,8,namesilo,,,06/08/2026 13:18
44e9e892-abc4-4ac7-b882-4c8506d92f06,uncanny.rodeo,available,12.99,12.99,high,low,7,namesilo,,,16/08/2026 02:23
ac5947a4-2d11-4ce6-a783-30c3bad8e48d,appointed.rodeo,available,12.99,12.99,high,low,9,namesilo,,,06/08/2026 07:21
c6d7a077-93ac-4f2e-8b62-75ec5d54957a,accountant.rodeo,available,12.99,12.99,high,low,10,namesilo,,,16/09/2026 23:11
673aa022-132f-4c8e-adc2-cd5afac79640,unexampled.rodeo,available,12.99,12.99,medium,low,10,namesilo,,,12/09/2026 09:24
61344d06-7a19-4c24-815d-e94cbf5aa579,aquaplane.rodeo,available,13.98,17.98,medium,low,9,namecheap,,,19/09/2026 22:59
e453e884-ae43-4663-a531-45b26a0535bf,batten.rodeo,available,12.99,12.99,medium,low,6,namesilo,,,22/09/2026 14:27
30c87d69-7dca-45cf-b78c-36991eec7fce,occident.rodeo,available,12.99,12.99,medium,low,8,namesilo,,,13/09/2026 10:49
644bbe1e-bfb6-424f-bc34-cd645b3db944,firedog.rodeo,available,12.99,12.99,medium,low,7,namesilo,,,19/09/2026 04:06
9bfdefaa-b305-4ce8-8bee-7f0a3b06cf6a,preferably.rodeo,available,13.98,17.98,medium,low,10,namecheap,,,15/09/2026 21:14
1c86105d-67bc-421c-ac4f-58ed787c2bb1,treasonous.rodeo,available,13.98,17.98,medium,low,10,namecheap,,,17/08/2026 21:20
0fbd2050-3bfa-4239-925a-fa059eaba849,reviewers.rodeo,available,12.99,12.99,medium,low,9,namesilo,,,21/09/2026 09:06
a9548c98-e57e-4e98-ae42-1ba931ee7f11,chatham.rodeo,premium,47.2,11.8,medium,low,7,namesilo,,,25/09/2026 15:25
99c8481f-63e7-4106-a6f5-5ea640b34668,pouched.rodeo,available,12.99,12.99,high,medium,7,namesilo,,,09/09/2026 00:55
197942fc-f1b5-418c-8b70-04c988a85df7,tricuspid.rodeo,available,13.98,17.98,medium,low,9,namecheap,,,11/09/2026 19:29
af541d7f-717d-4d53-9991-02dbbf13b1cc,coaxial.rodeo,available,12.99,12.99,medium,low,7,namesilo,,,12/08/2026 14:16
0a00978e-2814-4d40-b66a-a83c3e690a9d,approve.rodeo,available,12.99,12.99,high,low,7,namesilo,,,03/09/2026 23:23
a8f1cd2d-a4e5-4fb5-9ce8-27051aebf534,shush.rodeo,available,12.99,12.99,medium,low,5,namesilo,,,
5905889f-7b25-4f7e-8314-20a1e78644b1,energy.rodeo,premium,96,11.8,high,medium,6,namesilo,,,04/09/2026 13:30
96bf0e65-d38c-4ac3-9daa-2da684e2d589,catoptric.rodeo,available,12.99,12.99,medium,low,9,namesilo,,,11/08/2026 22:12
4f8db751-fce6-484c-b3d0-a71b6cae5d05,augeas.rodeo,available,12.99,12.99,medium,low,6,namesilo,,,21/09/2026 03:15
fb592739-6595-41e3-8cf3-fd0135158257,marvel.rodeo,available,16.99,,high,low,6,name.com,,,
c656ef44-6cd6-4476-ab71-b3416799a4a7,wrestling.rodeo,available,12.99,12.99,high,low,9,namesilo,,,
53fcb34f-0fea-412a-b79f-a817b34c3bbc,aerate.rodeo,available,13.98,17.98,high,low,6,namecheap,,,17/09/2026 21:35
7d1f4a22-c216-4f43-8c65-fcb429e6669c,siliceous.rodeo,available,12.99,12.99,high,medium,9,namesilo,,,10/09/2026 08:07
63fb3d84-0b4d-46f5-b4d7-4028e711156b,symmetric.rodeo,available,12.99,12.99,high,low,9,namesilo,,,11/09/2026 06:03
a576e3b8-11ed-4b18-bdd5-8fa33209b483,catclaw.rodeo,available,12.99,12.99,medium,low,7,namesilo,,,23/09/2026 23:59
a10e28d2-683b-4d8d-a29b-4530819bc372,overmuch.rodeo,available,13.98,17.98,medium,low,8,namecheap,,,04/09/2026 21:13
e2265506-5dcf-477b-b93a-46509f5231bf,scalic.rodeo,available,12.99,12.99,medium,low,6,namesilo,,,09/09/2026 22:27
78f81bd2-0b84-4519-b8a4-cb3d712f4067,paste.rodeo,available,16.99,,high,low,5,name.com,,,
e530ffa0-503c-4b6d-bd61-a4adce2376c2,homoerotic.rodeo,available,12.99,12.99,medium,low,10,namesilo,,,21/08/2026 12:51
5eea0fb8-73b3-44c7-a4a7-91dc34181443,redemptory.rodeo,available,12.99,12.99,high,medium,10,namesilo,,,09/09/2026 12:20
ada3b0cf-d481-4e5a-8d26-e7bdd1dc246c,punter.rodeo,available,12.99,12.99,medium,low,6,namesilo,,,
dc5cc572-d4b1-44a3-9ccf-b643cfa174f5,awol.rodeo,available,12.99,12.99,high,low,4,namesilo,,,08/08/2026 01:46
f0efbb07-90b6-4b2b-9e11-41dbdf9f41fc,unitary.rodeo,available,12.99,12.99,high,low,7,namesilo,,,12/09/2026 13:58
af31d38c-2a26-494b-a8f7-814910853d8a,dike.rodeo,available,12.99,12.99,medium,low,4,namesilo,,,11/08/2026 11:33
398f4f1c-99a8-4007-9929-4e776c95febc,inhale.rodeo,available,12.99,12.99,high,low,6,namesilo,,,
3f28b84e-2ac8-4e49-9ab6-97fce5ba9caf,adventures.rodeo,available,12.99,12.99,high,low,10,namesilo,,,18/09/2026 17:22
0f0e1411-d6da-4083-a8d6-4800e27328bd,trex.rodeo,available,12.99,12.99,high,low,6,namesilo,,,18/09/2026 12:51
ea3a9026-85e8-49a4-a3f3-3d34099abd21,candy.rodeo,premium,242,11.8,high,medium,5,namesilo,,,25/09/2026 22:17
e97ce6cf-5ed8-406f-933f-76b0cb40794e,punctually.rodeo,available,12.99,12.99,medium,low,10,namesilo,,,14/09/2026 14:45
373cdc83-fb83-4d19-ac42-038057fceb97,foamy.rodeo,available,12.99,12.99,high,low,5,namesilo,,,11/08/2026 07:20
700155fa-70be-40a4-b615-cf3e6f9eda1d,russet.rodeo,available,13.98,17.98,high,low,6,namecheap,,,09/09/2026 20:06
88443b31-56f9-47b1-96c6-1f3039b95106,workmanship.rodeo,available,12.99,12.99,high,low,11,namesilo,,,16/09/2026 08:15
60d44a50-fdf8-457e-b2f3-2d77aa5e8667,bale.rodeo,available,13.98,17.98,medium,low,4,namecheap,,,21/09/2026 21:49
bed44f77-8003-4f75-af35-991749662eb1,almoner.rodeo,available,13.98,17.98,medium,low,7,namecheap,,,18/09/2026 12:40
94f32a92-b06d-4f67-9c1c-5dd97406142e,eightfold.rodeo,available,12.99,12.99,medium,low,9,namesilo,,,15/08/2026 21:27
63c7d4ed-8278-4d6b-aa14-65760f51423a,environmental.rodeo,available,12.99,12.99,high,low,13,namesilo,,,
7e20a605-64e8-4d50-9782-15831911c551,enemies.rodeo,available,13.98,17.98,medium,low,7,namecheap,,,25/09/2026 17:51
812fbbc7-1fbc-495b-85a3-1e2ad169ba42,supported.rodeo,available,12.99,12.99,high,low,9,namesilo,,,
030b6a12-0b3b-485c-b1e7-add8de918cad,cochrane.rodeo,available,12.99,12.99,medium,low,8,namesilo,,,27/09/2026 01:53
dfa8d8a1-b0e7-48a7-bb7f-c1a8bb9dd55e,neighbours.rodeo,available,12.99,12.99,medium,low,10,namesilo,,,18/09/2026 07:42
ecf18723-8115-4da1-bb1a-37139a459e09,bishop.rodeo,available,13.98,17.98,high,low,6,namecheap,,,23/09/2026 21:47
2c1c8c74-b133-4192-890b-d13dd43dd2e1,honeyed.rodeo,available,12.99,12.99,medium,low,7,namesilo,,,21/08/2026 13:23
eea56d30-90f6-4683-8ec8-7385457098f7,breakfasts.rodeo,available,13.98,17.98,medium,low,10,namecheap,,,20/09/2026 13:21
cd2d2038-d6fe-4fe5-be02-7462b96d642b,bandana.rodeo,available,12.99,12.99,high,low,7,namesilo,,,22/09/2026 00:59
c08dbce9-d22e-4118-a191-1a9a8dc5c408,loquacious.rodeo,available,12.99,12.99,medium,low,10,namesilo,,,12/08/2026 03:22
acc11df3-ed5f-4951-8207-f710a991e50e,condiment.rodeo,available,12.99,12.99,high,low,9,namesilo,,,
e26dc3ab-b08e-4678-ba49-7f67def3e433,suety.rodeo,available,12.99,12.99,low,low,5,namesilo,,,11/09/2026 01:08
106c2e97-efb7-4f6a-88f5-63d8e976b2ff,arabia.rodeo,available,12.99,12.99,high,low,6,namesilo,,,19/09/2026 23:29
b36b813f-af7a-4724-a13d-3625c9776e57,drained.rodeo,available,13.98,17.98,medium,low,7,namecheap,,,14/08/2026 18:17
4bc4fbc1-fedb-46f8-a460-20dd8bb95363,alcibiades.rodeo,available,13.98,17.98,medium,low,10,namecheap,,,18/09/2026 04:00
3cc1c26b-a912-4a19-b1eb-141726f10121,downstage.rodeo,available,13.98,17.98,high,low,9,namecheap,,,14/08/2026 17:53
f80b2366-a739-436f-a16e-6d0350948666,kooky.rodeo,available,13.98,17.98,medium,low,5,namecheap,,,06/08/2026 21:04
8e68f1cb-58ea-47ac-9e16-96beeeb8350c,gilding.rodeo,available,12.99,12.99,high,low,7,namesilo,,,18/08/2026 23:37
d81ed763-ccb5-4a64-ace2-3f9548313d6e,dubstep.rodeo,available,12.99,12.99,high,low,7,namesilo,,,
729a7159-efc3-4ca4-ac99-87dab021e19e,crosby.rodeo,premium,47.2,11.8,high,low,6,namesilo,,,23/09/2026 17:15
8471c639-e5e4-4aa8-a03d-9d5bf9680506,noisome.rodeo,available,12.99,12.99,medium,low,7,namesilo,,,18/08/2026 02:29
5c124053-77d7-41ed-a650-cf8ee507b60c,analyser.rodeo,available,12.99,12.99,high,low,8,namesilo,,,19/09/2026 01:57
842ecc41-8710-46fa-974e-cb579c081bb3,kenny.rodeo,available,12.99,12.99,medium,low,5,namesilo,,,26/09/2026 03:38
a8b9d02e-8d07-4b7a-82ca-8ba48c7d3615,seed.rodeo,available,12.99,12.99,high,low,4,namesilo,,,
4c36725a-7342-48e4-8388-1d805a08f983,emulator.rodeo,available,12.99,12.99,high,low,8,namesilo,,,19/09/2026 16:28
3bd2d01c-b07b-4cbf-b906-afb945427149,drumhead.rodeo,available,13.98,17.98,medium,low,8,namecheap,,,14/08/2026 20:15
ec2d0a8e-13d2-4cae-82f8-c52cd50308ab,hawaii.rodeo,premium,96,11.8,high,low,6,namesilo,,,
2d097137-f47f-4c0f-9ff3-a47a82048da6,redress.rodeo,available,12.99,12.99,high,low,7,namesilo,,,09/09/2026 17:27
c2b8eb60-1adc-4baa-8e47-e7f333ea3937,benefice.rodeo,available,12.99,12.99,high,low,8,namesilo,,,23/09/2026 07:54
499148db-4bd8-4f8d-b08a-9a79db20de6f,idly.rodeo,available,12.99,12.99,high,low,4,namesilo,,,15/09/2026 01:38
f40488c4-44a1-4709-9b8d-9c52e6b0a9f8,efferent.rodeo,available,12.99,12.99,medium,low,8,namesilo,,,15/08/2026 14:22
f58df80e-b2c9-4120-855d-71f8a6ccab29,waning.rodeo,available,12.99,12.99,medium,low,6,namesilo,,,13/09/2026 08:04
2149fded-6082-4212-8528-07e2a0b0436a,anaconda.rodeo,available,12.99,12.99,high,medium,8,namesilo,,,19/09/2026 01:07
15a15506-cec1-4ef5-8d7c-b2f0fd4a9e3a,pictured.rodeo,available,12.99,12.99,high,low,8,namesilo,,,14/08/2026 02:14
5ccd4091-b34c-475d-bc3b-c2e4a1831b65,challenge.rodeo,available,12.99,12.99,high,low,9,namesilo,,,
1cb0888d-d596-43fe-91a4-8b2c225f2c7c,cresson.rodeo,available,12.99,12.99,medium,low,7,namesilo,,,13/08/2026 06:16
b9777062-f26a-47ab-91e8-69c91d122a6c,volcanic.rodeo,available,12.99,12.99,high,low,8,namesilo,,,13/09/2026 06:48
e0affd12-32da-4e9c-86d4-91ef3e7b2ea7,blurred.rodeo,available,12.99,12.99,high,low,7,namesilo,,,22/09/2026 23:21
e5d78156-91cb-4497-a68c-5e4d58b28bda,birdie.rodeo,available,16.99,16.99,high,low,6,name.com,,,23/09/2026 20:41
3c9e4935-90a4-4c50-b2d6-180355278c4a,unsecured.rodeo,available,12.99,12.99,medium,low,9,namesilo,,,12/09/2026 01:41
e9bb178c-3caf-44e0-a193-37b824eca05a,allegretto.rodeo,available,12.99,12.99,high,low,10,namesilo,,,
0fa2bd35-0283-4dbf-9237-79cd7f5e0fd7,faustian.rodeo,available,12.99,12.99,medium,low,8,namesilo,,,18/08/2026 00:10
aaed467e-0930-45e1-a95b-c23e21df395c,downtime.rodeo,available,12.99,12.99,high,low,8,namesilo,,,24/09/2026 23:41
c2361958-c44a-46f0-b668-03b445a334e0,umbrellas.rodeo,available,12.99,12.99,medium,low,9,namesilo,,,18/09/2026 22:52
d818f1cb-04db-42d2-b912-ecfd74976d9d,georgian.rodeo,available,12.99,12.99,high,low,8,namesilo,,,18/08/2026 22:37
c107771b-984f-4eaa-9044-0f66268d1526,choking.rodeo,available,13.98,17.98,medium,low,7,namecheap,,,24/09/2026 14:44
ee59514d-d717-4d6c-8580-d45cc0bb13ad,within.rodeo,available,12.99,12.99,high,low,6,namesilo,,,
8ee110ba-a496-49b4-91db-b079dc7ad151,hell.rodeo,available,12.99,12.99,high,low,4,namesilo,,,
b6485505-0c57-4155-ba04-3774be2394ad,ava.rodeo,premium,96,11.8,high,medium,3,namesilo,,,
14fa3908-224d-4550-8edb-fcda8344702f,lied.rodeo,available,16.99,16.99,high,low,4,name.com,,,25/09/2026 08:58
52c6fec0-70f4-4db6-93dc-f76ff783839d,sprigged.rodeo,available,12.99,12.99,low,low,8,namesilo,,,10/09/2026 16:47
f208ae56-d968-4fc2-abee-43af3146a572,charm.rodeo,available,13.98,17.98,high,low,5,namecheap,,,19/09/2026 20:23
77f0bed8-2215-4183-8462-75e608182354,acropora.rodeo,available,12.99,12.99,medium,low,8,namesilo,,,17/09/2026 03:57
c491cd38-7a94-4af4-9d04-f0a2fbe332e8,consumable.rodeo,available,12.99,12.99,high,low,10,namesilo,,,12/08/2026 23:04
54c44da8-b081-4e0a-8085-f1b69c5b6a47,speer.rodeo,available,12.99,12.99,high,low,5,namesilo,,,18/09/2026 02:44
55eb8a55-0ea7-44ea-b26d-19ccf885d6be,actions.rodeo,available,12.99,12.99,medium,low,7,namesilo,,,
54caa997-f045-424f-b2d4-57fce9ad9883,expects.rodeo,available,12.99,12.99,medium,low,7,namesilo,,,20/09/2026 01:39
d866102a-d02f-4947-865b-9c280d6469d9,lakh.rodeo,available,12.99,12.99,medium,low,4,namesilo,,,21/08/2026 15:36
9a6e23dc-66a7-4bed-a920-44d47ddf3dec,cube.rodeo,available,16.99,,high,medium,4,name.com,,,
0cd6f1e2-c144-4fdb-9d47-e9f42ac77ac5,uncomfortably.rodeo,available,12.99,12.99,low,low,13,namesilo,,,
cf659e1f-754d-459a-8fc9-bf26fd214388,palpatory.rodeo,available,12.99,12.99,medium,low,9,namesilo,,,05/09/2026 00:12
7ce689c7-65ec-4752-a2b3-7900e2997880,spirited.rodeo,available,12.99,12.99,high,low,8,namesilo,,,
76a0f4e6-8043-4f32-a50f-2b20936d96b4,monopoly.rodeo,available,16.99,,high,low,8,name.com,,,
5488b7d5-28d2-41a9-81f1-65d0d9339a8c,blacktail.rodeo,available,12.99,12.99,medium,low,9,namesilo,,,23/09/2026 23:51
9f953534-64b3-46c5-a0f0-9e562f00c555,attachments.rodeo,available,12.99,12.99,medium,low,11,namesilo,,,21/09/2026 01:43
09abcc71-394e-4072-9bf1-9c9de522ac31,pangolin.rodeo,available,12.99,12.99,high,low,8,namesilo,,,19/09/2026 12:39
d0e17ca0-a094-436c-ae55-02ef61eea357,lists.rodeo,available,12.99,12.99,medium,low,5,namesilo,,,17/09/2026 08:32
fbfebf7a-e93e-4a0e-bd85-27619808f192,travels.rodeo,available,12.99,12.99,high,low,7,namesilo,,,17/09/2026 06:44
a4bc0c45-0b4d-460b-b5cb-94c2fcb4f4ef,uneventful.rodeo,available,12.99,12.99,medium,low,10,namesilo,,,12/09/2026 09:21
b32ece2a-131c-444d-b293-9f0f578af41c,teatime.rodeo,available,12.99,12.99,high,low,7,namesilo,,,17/09/2026 15:45
1f30cdcc-cb45-4f85-aef6-431d066996e7,elevated.rodeo,available,12.99,12.99,high,low,8,namesilo,,,16/08/2026 03:35
23ac3128-1478-440e-8612-f0da8f88a784,stamp.rodeo,premium,96,11.8,high,low,5,namesilo,,,23/09/2026 01:04
b0c83cb6-1bcb-4b63-bd41-9b2bb617e342,proportions.rodeo,available,12.99,12.99,high,low,11,namesilo,,,17/09/2026 11:38
1893fb0e-aca6-4902-aa5d-19eba3192833,paradoxes.rodeo,available,12.99,12.99,medium,low,9,namesilo,,,21/09/2026 00:45
11d616c0-b620-474d-ac15-2259e0618635,worth.rodeo,premium,47.2,11.8,high,low,5,namesilo,,,
8622b460-5c8d-46b7-b262-2e85371344ac,knocking.rodeo,available,13.98,17.98,high,low,8,namecheap,,,25/09/2026 08:51
1a3ad06e-d7e2-4367-b0f3-6e20c7f1e5c3,nosey.rodeo,available,12.99,12.99,medium,low,5,namesilo,,,03/09/2026 21:50
54e5db8a-3def-4d8d-9faa-d815bd6dfcb4,biometry.rodeo,available,13.98,17.98,high,low,8,namecheap,,,23/09/2026 18:35
84adb437-e111-4a0d-a0a4-557ccb8b0a69,coffeeman.rodeo,available,12.99,12.99,high,low,9,namesilo,,,
ac324118-bb38-4681-9f01-063f97101a6b,winner.rodeo,premium,96,11.8,high,low,6,namesilo,,,
02cef852-81cb-4c46-9776-66bab7d82a6e,donkeys.rodeo,premium,96,11.8,medium,low,7,namesilo,,,20/09/2026 00:20
d68d9f80-5147-4a77-9136-ed70c6e3b3d0,scrutinise.rodeo,available,12.99,12.99,medium,low,10,namesilo,,,21/09/2026 03:07
bb3f9e5a-7087-4dd4-bd00-e42510187112,excursive.rodeo,available,12.99,12.99,medium,low,9,namesilo,,,17/08/2026 16:39
82aa5bb1-293e-441d-a0ef-b12b5f99f579,benthos.rodeo,available,12.99,12.99,high,low,7,namesilo,,,23/09/2026 08:45
f6329f13-1cc0-4c27-be35-6e5e0bede046,labels.rodeo,available,12.99,12.99,medium,low,6,namesilo,,,18/09/2026 17:28
9b0a276b-0926-41e9-8b57-2110134e4c9c,ocellated.rodeo,available,12.99,12.99,medium,low,9,namesilo,,,04/09/2026 00:29
8528eb20-a7d8-442b-951c-d2d00d983323,recluse.rodeo,available,12.99,12.99,high,low,7,namesilo,,,09/09/2026 11:38
1eab0ee6-200a-4272-b0fc-884f7bcbe10a,clifford.rodeo,available,12.99,12.99,high,low,8,namesilo,,,25/09/2026 14:06
1f3c5762-c5e2-425a-89ac-f991695ca506,offices.rodeo,available,12.99,12.99,medium,low,7,namesilo,,,18/09/2026 05:07
fa76d3f1-1484-4c52-a5a1-78879ce26096,wysiwyg.rodeo,available,12.99,12.99,high,low,7,namesilo,,,13/09/2026 13:51
279f22f5-6160-4f0a-b7e7-31599e95671d,crucify.rodeo,available,13.98,17.98,medium,low,7,namecheap,,,14/08/2026 21:17
f8dfecb2-d11f-44d8-8438-a5e39b081776,unwieldy.rodeo,available,12.99,12.99,medium,low,8,namesilo,,,12/08/2026 13:10
e03ceadc-f446-4abb-81a4-e5d588c42875,dismount.rodeo,available,12.99,12.99,high,low,8,namesilo,,,24/09/2026 22:48
d44e4c5c-7ff0-49c7-a0d1-06f609ab0d0a,seagirt.rodeo,available,12.99,12.99,medium,low,7,namesilo,,,10/09/2026 00:39
5b3571c1-48e3-4f12-866f-b58775d9ce70,levantine.rodeo,available,12.99,12.99,medium,low,9,namesilo,,,23/08/2026 00:31
d5faa2b6-79f8-4459-8747-bd53bef0a2e0,resemblance.rodeo,available,12.99,12.99,high,low,11,namesilo,,,
e7320b72-bec3-43fc-956b-f0be0fdc2535,sphincter.rodeo,available,12.99,12.99,medium,low,9,namesilo,,,19/09/2026 03:31
1da00094-17f1-4b45-9b79-9e423995b135,filetype.rodeo,available,12.99,12.99,medium,low,9,namesilo,,,
06f52c0b-13c4-4256-89d3-45bd25fdb58a,glimmer.rodeo,available,12.99,12.99,high,low,7,namesilo,,,20/08/2026 14:19
f96443ed-ef25-44f4-87a1-7c644a208c07,anasarca.rodeo,available,12.99,12.99,medium,low,8,namesilo,,,19/09/2026 03:14
853c5654-f001-4bde-bf2c-7816898f8d0c,gloves.rodeo,premium,104,13,high,low,6,namecheap,,,25/09/2026 19:42
ccbe432f-f0a6-448b-85b4-fa5bd5f6d2fe,jones.rodeo,premium,47.2,11.8,high,low,5,namesilo,,,25/09/2026 00:23
a859d9ab-c16a-4c70-96dd-4b1622d679c8,twins.rodeo,available,12.99,12.99,high,medium,5,namesilo,,,25/09/2026 06:26
28a4156d-0d8a-4389-9d7a-1fa208a8680c,motivate.rodeo,available,12.99,12.99,high,low,8,namesilo,,,
0d74a457-ed13-4c33-a125-7c023e03ccfe,playable.rodeo,available,13.98,17.98,high,low,8,namecheap,,,08/09/2026 20:57
8fc4324b-5b6d-4711-bb9d-2b42fcc0bf4c,disabling.rodeo,available,12.99,12.99,medium,low,9,namesilo,,,13/08/2026 07:09
8969150f-281a-403a-b2d7-144766d3d23b,totipotent.rodeo,available,13.98,17.98,medium,low,10,namecheap,,,11/09/2026 18:12
bce425f4-6600-4340-8b20-9128fa47e826,proustian.rodeo,available,12.99,12.99,medium,low,9,namesilo,,,09/09/2026 04:22
f635d954-2df6-433a-bdf1-97d1df2a8797,shadow.rodeo,available,12.99,12.99,high,low,6,namesilo,,,
6c06f23e-7474-40ec-8edf-0c5437f2bfd7,astronomy.rodeo,available,16.99,16.99,high,low,9,name.com,,,20/09/2026 18:10
7589c692-6e2e-44e3-af3a-6e3a814d3fd0,primal.rodeo,available,13.98,17.98,high,low,6,namecheap,,,11/08/2026 18:56
5f3b1661-0f1a-4f7f-9d7b-a7d589f479bf,bacillus.rodeo,available,13.98,17.98,medium,low,8,namecheap,,,21/09/2026 11:42
40128187-e878-40af-9ef5-0eb4f5118fb5,getatable.rodeo,available,12.99,12.99,medium,low,9,namesilo,,,18/08/2026 23:00
d13bd779-80ac-4fd5-91d6-3e20f6dff9e5,liquefied.rodeo,available,12.99,12.99,medium,low,9,namesilo,,,23/08/2026 22:01
8b629a2f-746f-461c-9a6f-9f34a7b4b3af,apiarist.rodeo,available,12.99,12.99,medium,low,8,namesilo,,,19/09/2026 17:19
f51b5e4c-f247-4ae6-9788-96fc066a3725,purpleness.rodeo,available,12.99,12.99,high,medium,10,namesilo,,,09/09/2026 06:23
65d16055-0b53-494f-bc94-3054cba7e9d9,departure.rodeo,available,12.99,12.99,high,low,9,namesilo,,,08/09/2026 12:08
39efc41a-54a2-45e3-9dde-995717e5aeb1,shapeless.rodeo,available,13.98,17.98,medium,low,9,namecheap,,,
a422b3d1-b200-4191-8de7-86569cd91a7a,lexically.rodeo,available,12.99,12.99,medium,low,9,namesilo,,,15/09/2026 11:16
3daeb644-3b98-4158-bb79-182e32349360,montreal.rodeo,premium,1000,,high,low,8,name.com,,,
e76dfdaf-5641-4b4e-b6a3-00a9bf645f5b,tocsin.rodeo,available,12.99,12.99,medium,low,6,namesilo,,,18/09/2026 01:57
68b028bb-eb5a-4ba4-a57f-38b6e7130e0c,scarred.rodeo,available,12.99,12.99,medium,low,7,namesilo,,,25/09/2026 17:02
107533ae-c90e-428b-b5bf-7f8a6387929e,anarchist.rodeo,available,12.99,12.99,high,low,9,namesilo,,,19/09/2026 02:24
f3febb06-e23b-4a1c-8075-090ce0ba0a04,fearless.rodeo,available,13.98,17.98,high,low,8,namecheap,,,22/09/2026 12:19
2d008044-0578-4d6a-bf3e-0c1f1d9d9b0a,trey.rodeo,available,12.99,12.99,high,low,4,namesilo,,,
dd9dd264-e94b-474d-b8f9-62175a6fd816,cacophonic.rodeo,available,12.99,12.99,low,low,10,namesilo,,,11/08/2026 12:33
7a7621ff-95ab-4bc1-a0b5-73c16f81b583,cultural.rodeo,available,12.99,12.99,high,low,8,namesilo,,,13/08/2026 10:15
13b931fc-e83b-4aff-b456-295170caa6a7,ann.rodeo,premium,96,11.8,high,low,3,namesilo,,,
3c9121ad-8d78-4623-94cc-25093c0e0cba,norseman.rodeo,available,12.99,12.99,high,low,8,namesilo,,,03/09/2026 21:43
ce26bbc0-d688-4724-b986-b013c015adec,althea.rodeo,available,12.99,12.99,medium,low,6,namesilo,,,18/09/2026 14:54
1feb217f-3cda-439d-b7f8-025e69f58131,madrono.rodeo,available,12.99,12.99,medium,low,7,namesilo,,,20/09/2026 01:04
2d742a53-c2dd-437c-b714-2958aae2ffb1,launches.rodeo,available,13.98,17.98,high,low,8,namecheap,,,21/09/2026 09:09
76690c8c-b4fd-49a5-a064-8994eded4440,elderberry.rodeo,available,12.99,12.99,high,low,10,namesilo,,,24/09/2026 00:39
da2d161d-0219-4579-90f7-08c129984eb7,emerging.rodeo,available,12.99,12.99,high,low,8,namesilo,,,16/08/2026 15:03
468ee72e-b727-40f0-b1e8-5d9392e90f0e,mere.rodeo,available,13.98,17.98,high,low,4,namecheap,,,25/09/2026 19:33
fef031ea-a9a7-4520-b67b-f4dca6589b26,stoppers.rodeo,available,12.99,12.99,medium,low,8,namesilo,,,20/09/2026 12:45
6adf28f6-1da2-4ae0-924e-f238dc1e3b3e,finally.rodeo,available,12.99,12.99,high,low,7,namesilo,,,
591102be-fd60-4905-bca1-d158669d621b,biweekly.rodeo,available,12.99,12.99,high,low,8,namesilo,,,10/08/2026 09:30
ea8c5fee-d1fe-4a33-8670-d3ec42727cb0,secondary.rodeo,available,12.99,12.99,high,low,9,namesilo,,,25/09/2026 12:14
1d4862bb-1ac5-4132-b896-cef489f19089,drugs.rodeo,available,12.99,12.99,medium,low,5,namesilo,,,25/09/2026 16:42
c24a0cab-a6a8-4a32-9cd7-70f88eb72583,backpack.rodeo,available,12.99,12.99,high,low,8,namesilo,,,
c2f79809-b835-4eaf-85f0-5842a857424a,populations.rodeo,available,16.99,16.99,medium,low,11,name.com,,,18/09/2026 17:58
ce487cad-ba9d-445e-9cf5-70a6b624d316,careless.rodeo,available,12.99,12.99,high,low,8,namesilo,,,23/09/2026 12:52
e9507e59-18d3-487d-a911-08ae4bd38612,wit.rodeo,premium,52,13,high,low,3,namecheap,,,24/09/2026 08:03
d752f275-63c1-42e9-b5b6-e9bbc727c18f,greatly.rodeo,available,16.99,,high,low,7,name.com,,,
b95d369b-b7dc-4121-a20a-e141b3c0e99f,passel.rodeo,available,12.99,12.99,medium,low,6,namesilo,,,25/08/2026 00:35
a6f61ca5-f260-4a3c-b097-954cdcdcac66,visitor.rodeo,available,12.99,12.99,high,low,7,namesilo,,,
c258417e-0fba-4a10-be69-e1c24548874f,spectacled.rodeo,available,12.99,12.99,medium,low,10,namesilo,,,09/08/2026 17:20
c7c93bdc-1d57-4feb-8a92-2fb002556bc0,arriviste.rodeo,available,12.99,12.99,medium,low,9,namesilo,,,03/09/2026 22:17
410be5ee-99cb-410f-b60b-5fd320dcf8b6,jinxed.rodeo,available,12.99,12.99,medium,low,6,namesilo,,,21/08/2026 07:53
e12d61ec-1d84-40b9-94fa-841bc0b703b0,bronzed.rodeo,available,12.99,12.99,high,low,7,namesilo,,,11/08/2026 05:43
c9aa2581-df5d-499a-9934-c3fd83555b10,briefs.rodeo,available,16.99,,high,low,6,name.com,,,
767150c8-03fa-44a9-925e-dff600a84b33,battlement.rodeo,available,12.99,12.99,medium,low,10,namesilo,,,22/09/2026 16:28
688f9aca-5773-4e62-911f-7ff7aa6b2cb2,beduin.rodeo,available,12.99,12.99,medium,low,6,namesilo,,,22/09/2026 23:27
dd1aa542-c4f4-441c-a7ba-85e8ae79291f,delight.rodeo,available,12.99,12.99,high,low,7,namesilo,,,
b21ba5ce-93c4-42d3-9f89-d4a48b26a424,laboratory.rodeo,available,13.98,17.98,high,low,10,namecheap,,,24/09/2026 03:29
deefe5e1-e350-436b-98be-bc45ffd201c4,lanthanum.rodeo,available,12.99,12.99,medium,low,9,namesilo,,,20/09/2026 23:20
250137d3-2411-499c-b30e-5d53d00fd963,cuspid.rodeo,available,12.99,12.99,medium,low,6,namesilo,,,11/08/2026 17:03
4969968c-92e9-4b25-830e-7ca17c3b9ae9,thoughtful.rodeo,available,12.99,12.99,high,low,10,namesilo,,,21/08/2026 05:59
27b6021c-ed59-45f6-b502-d9da3671cd1f,couth.rodeo,available,12.99,12.99,medium,low,5,namesilo,,,13/08/2026 03:54
aa2f056f-53b1-479a-86b5-2898ef2cd69f,ruffian.rodeo,available,12.99,12.99,medium,low,7,namesilo,,,11/08/2026 08:41
44bd610b-206e-450b-9565-6f1308753832,predacious.rodeo,available,12.99,12.99,high,medium,10,namesilo,,,09/09/2026 01:21
3e39103d-957d-49e2-a1c2-229aa171384e,indigent.rodeo,available,12.99,12.99,medium,low,8,namesilo,,,14/08/2026 04:34
165bc688-7bd3-4d9e-b9de-a9d966680b8d,evocative.rodeo,available,12.99,12.99,high,low,9,namesilo,,,17/08/2026 15:14
467cd530-04ed-4f61-8507-7f90eb03fd4d,expository.rodeo,available,12.99,12.99,medium,low,10,namesilo,,,17/08/2026 18:39
9e630d35-8172-417a-8b53-aa16dcdb13bb,indiana.rodeo,premium,47.2,11.8,high,low,7,namesilo,,,
5613b0c9-bb53-437a-a839-1343adc92099,brumous.rodeo,available,12.99,12.99,medium,low,7,namesilo,,,11/08/2026 06:49
93c10585-7a1d-42dd-950d-e16f43d53aee,bombard.rodeo,available,12.99,12.99,high,low,7,namesilo,,,22/09/2026 07:59
daceb072-f03b-4b87-a9de-94ac1ce37c43,implied.rodeo,available,12.99,12.99,high,low,7,namesilo,,,
ba45addd-1d7d-4da5-b38a-3f089427c4fe,causally.rodeo,available,12.99,12.99,medium,low,8,namesilo,,,14/09/2026 06:01
86545d05-2fcd-49f2-9f89-37864e9e135a,perhaps.rodeo,available,16.99,,high,low,7,name.com,,,
951abda1-b0af-41fb-a0e2-55443374cc7b,potbellied.rodeo,available,12.99,12.99,medium,low,10,namesilo,,,
9fc0784c-bee2-4566-9e23-375f8d21cadc,rapacity.rodeo,available,12.99,12.99,medium,low,8,namesilo,,,21/09/2026 08:45
169978b0-e179-4749-a059-fcc7e9cffa42,sophie.rodeo,premium,52,13,high,low,6,namecheap,,,25/09/2026 11:44
6eec9bdc-3dad-4949-bb13-ed6d46db9014,confucius.rodeo,available,12.99,12.99,high,low,9,namesilo,,,24/09/2026 17:15
62c637fe-a588-47fb-8b1c-7162e1e1b46c,nettled.rodeo,available,12.99,12.99,medium,low,7,namesilo,,,
73971681-db2a-46a9-a0a5-e88233a579a3,troubling.rodeo,available,12.99,12.99,medium,low,9,namesilo,,,14/08/2026 13:19
e15178ab-280c-4cd7-84f9-294bb0fede53,slopped.rodeo,available,12.99,12.99,low,low,7,namesilo,,,09/08/2026 15:45
8ff29557-e8c5-4f1b-a9d4-4e5487c58779,inferior.rodeo,available,12.99,12.99,high,low,8,namesilo,,,22/08/2026 04:19
8fbcbc5b-8a0e-4373-8a31-c7feb8006d94,pitfall.rodeo,available,12.99,12.99,medium,low,7,namesilo,,,
02127c61-9c8d-4a29-a2b6-3f5045112cee,dignified.rodeo,available,12.99,12.99,high,low,9,namesilo,,,24/09/2026 08:18
822008e7-e264-4edc-8687-2654dc92f95f,folding.rodeo,available,13.98,17.98,high,low,7,namecheap,,,24/09/2026 20:52
52e7b7fe-e67e-446b-a98d-95ea71abd844,grossly.rodeo,available,12.99,12.99,medium,low,7,namesilo,,,14/09/2026 22:29
d0924ad9-73f3-4b28-9bdb-3c184398534f,axon.rodeo,available,12.99,12.99,high,low,4,namesilo,,,21/09/2026 10:30
bc90aed1-8268-4322-a238-f7eb7e014443,eyrie.rodeo,available,12.99,12.99,high,low,5,namesilo,,,
81c35cec-8377-48a9-bfce-680d2ddb10a3,shivering.rodeo,available,12.99,12.99,high,medium,9,namesilo,,,10/09/2026 06:40
935a38e6-5d9c-43f0-81ff-b8ec0b5cf539,affectionate.rodeo,available,16.99,,high,low,12,name.com,,,
c383d284-c8b6-466b-88ff-63316cbe310d,chop.rodeo,available,12.99,12.99,high,low,4,namesilo,,,
341679ea-131e-41a3-8950-10b0efdc7829,biochemist.rodeo,available,12.99,12.99,high,low,10,namesilo,,,23/09/2026 17:44
590a727d-9c88-4fa1-99d8-9a7ae6d42b2a,edna.rodeo,available,16.99,16.99,high,low,4,name.com,,,27/09/2026 01:34
b459240f-e437-4abd-abf5-6a56c981af77,fireproof.rodeo,available,12.99,12.99,high,low,9,namesilo,,,18/08/2026 05:07
401bbfdc-2f00-41d1-9747-7e1b3e8d874a,flutter.rodeo,available,12.99,12.99,high,low,7,namesilo,,,18/08/2026 07:48
b268e34b-feab-4dd6-af62-c63041d69782,incredibly.rodeo,available,12.99,12.99,high,low,10,namesilo,,,14/09/2026 17:21
7e45c76f-690d-4b2e-8644-8e451fc662c7,affiliation.rodeo,available,12.99,12.99,high,low,11,namesilo,,,
6cb15943-940e-459b-b197-c46a54da75da,grotty.rodeo,available,13.98,17.98,medium,low,6,namecheap,,,20/08/2026 20:20
0faae435-2a44-48e4-b00b-b92cb13670ac,amniote.rodeo,available,12.99,12.99,medium,low,7,namesilo,,,18/09/2026 22:28
7d5424b7-38f1-45ae-8737-6f0940ea5cad,sensitive.rodeo,available,12.99,12.99,high,low,9,namesilo,,,
ee06a058-3de7-4e23-aad4-02e69b96e069,khat.rodeo,available,12.99,12.99,medium,low,4,namesilo,,,17/09/2026 15:23
4b3772bc-8a6d-4e84-a9d8-a2545869d7f8,phocine.rodeo,available,13.98,17.98,medium,low,7,namecheap,,,08/09/2026 18:58
bdcd0e7d-c027-4977-9d6d-c73649812d9c,pictorial.rodeo,available,12.99,12.99,high,low,9,namesilo,,,23/08/2026 01:46
70841c24-44b5-403c-ba66-51d6e754a3b4,lacking.rodeo,available,12.99,12.99,high,low,7,namesilo,,,
e80d3383-680a-452d-b453-f147e29865a0,ally.rodeo,available,,,high,high,4,,,,
ec7e006c-bb84-43d0-8eb5-bfbc4bb58877,limo.rodeo,available,12.99,12.99,high,low,4,namesilo,,,
5c86bdee-ba35-4b9d-9644-c4b5cd6eae0c,eyed.rodeo,available,13.98,17.98,high,low,4,namecheap,,,17/08/2026 20:00
9c17a13b-733d-4d2c-81b5-23b09a2eed81,projectile.rodeo,available,12.99,12.99,high,low,10,namesilo,,,09/09/2026 02:59
de44dc54-3994-4020-985b-11cca2f78a13,beaked.rodeo,available,12.99,12.99,medium,low,6,namesilo,,,09/08/2026 03:50
9421b06d-e8d2-4c07-ab71-85579d8d0e63,airliner.rodeo,available,12.99,12.99,high,low,8,namesilo,,,17/09/2026 23:14
7d74bc26-7f04-4434-afba-2b536324c58f,advance.rodeo,available,13.98,17.98,high,low,7,namecheap,,,21/09/2026 20:22
735446db-fe19-4f94-8170-b1e55e2bd856,anchorite.rodeo,available,12.99,12.99,medium,low,9,namesilo,,,19/09/2026 03:44
aa05d221-6f18-404d-9835-4eb46d3dd1dc,objected.rodeo,available,12.99,12.99,medium,low,8,namesilo,,,18/09/2026 23:50
10d6cc83-dcd1-4261-b57b-a75dbb62ca70,remaining.rodeo,available,12.99,12.99,high,low,9,namesilo,,,22/08/2026 22:43
0f876d14-a1d9-439a-82a1-d0b0bee57d11,theocratic.rodeo,available,12.99,12.99,medium,low,10,namesilo,,,11/09/2026 12:52
d8ab5e86-7b1c-45e2-8b33-8e27252e53f9,ashur.rodeo,available,12.99,12.99,medium,low,5,namesilo,,,20/09/2026 13:50
2c16b3c6-aa3d-4fab-8ad7-5d72b36c75cd,without.rodeo,available,16.99,,high,low,7,name.com,,,
1e72ba89-8b48-46e4-8bb3-edb5f2e857cc,budgetary.rodeo,available,12.99,12.99,medium,low,9,namesilo,,,11/08/2026 07:46
5f7c880f-db8f-4dc6-bb39-2280e6b7eead,inka.rodeo,available,12.99,12.99,medium,low,4,namesilo,,,22/08/2026 00:48
f692548a-bda5-437a-8a5b-e1bdc91f9820,entranced.rodeo,available,12.99,12.99,medium,low,9,namesilo,,,09/08/2026 10:11
5595b825-620a-4e6f-99da-15b944a2ccf6,blest.rodeo,available,12.99,12.99,high,low,5,namesilo,,,10/08/2026 14:15
15af8842-4220-4e3a-881a-93bab45a1919,bennet.rodeo,available,12.99,12.99,high,low,6,namesilo,,,23/09/2026 08:30
c787240c-f2f9-4e7f-a9cf-789030d7def4,taproom.rodeo,available,12.99,12.99,high,low,7,namesilo,,,22/09/2026 03:42
f2adaca8-1477-46b0-94a8-6ade9a4d395d,president.rodeo,available,12.99,12.99,high,low,9,namesilo,,,
c5b6cb5d-1e29-4dbe-968d-f74adb12dc1a,palmatifid.rodeo,available,12.99,12.99,medium,low,10,namesilo,,,05/09/2026 00:03
123c29a9-e552-4354-af6f-ce45dda16e13,triennial.rodeo,available,13.98,17.98,high,low,9,namecheap,,,11/09/2026 19:31
b92daded-1303-4f9c-8597-fdac4b8c5b16,fight.rodeo,premium,260,13,high,low,5,namecheap,,,24/09/2026 17:58
66ef1f24-178e-415e-8342-d8cf59b5f502,sob.rodeo,premium,96,11.8,high,low,3,namesilo,,,08/08/2026 23:48
bca100da-04dd-477a-9dcd-bf879d553be3,breastfeed.rodeo,available,12.99,12.99,high,low,11,namesilo,,,
8aa3b1c9-a933-4072-9bc7-3aea66774e9c,somnolent.rodeo,available,12.99,12.99,medium,low,9,namesilo,,,10/09/2026 11:38
4628cd8b-2a10-457d-8aca-3f2d1729d97f,bacchante.rodeo,available,13.98,17.98,medium,low,9,namecheap,,,21/09/2026 13:59
5b9e0c8f-7341-44d8-bcae-1af07b7bab2e,succinctly.rodeo,available,13.98,17.98,medium,low,10,namecheap,,,16/09/2026 07:34
01664468-d9d8-4d1f-85f2-f8e870c4428f,families.rodeo,available,12.99,12.99,high,low,8,namesilo,,,
0e0c0d02-4e97-4228-9cd1-7215b322d88d,cancellous.rodeo,available,12.99,12.99,medium,low,10,namesilo,,,11/08/2026 16:31
e8b72db7-7251-458b-8484-ba9abf675bea,amendment.rodeo,available,13.98,17.98,high,low,9,namecheap,,,18/09/2026 18:38
2270db32-1435-4668-82a1-b9268c766005,hike.rodeo,available,12.99,12.99,high,low,4,namesilo,,,24/09/2026 07:18
6e9842c0-a129-4b43-92dd-4e7e762a2fd0,creation.rodeo,available,12.99,12.99,high,low,8,namesilo,,,25/09/2026 03:23
fa0e8c73-a388-477c-9431-decaae5653fe,crosspatch.rodeo,available,12.99,12.99,medium,low,10,namesilo,,,13/08/2026 05:02
bd6db5d3-1504-4b28-85e7-b6ef61027426,bargello.rodeo,available,13.98,17.98,medium,low,8,namecheap,,,22/09/2026 05:48
de0ddea7-94b9-4861-b1c2-c35e2a70743e,powerless.rodeo,available,12.99,12.99,high,medium,9,namesilo,,,09/09/2026 00:56
6addf47e-5f37-4d39-9c86-01a00b6c25ea,algometer.rodeo,available,12.99,12.99,medium,low,9,namesilo,,,18/09/2026 07:11
351e48f5-a62e-4696-ac77-8910541206b3,simpler.rodeo,available,12.99,12.99,high,low,7,namesilo,,,
ba0badf3-6623-431b-a980-596e80c3e49d,agricola.rodeo,available,13.98,17.98,high,low,8,namecheap,,,17/09/2026 19:19
0dd8752d-6dea-4f12-a184-45c5543e5df8,fiendish.rodeo,available,12.99,12.99,medium,low,8,namesilo,,,14/08/2026 01:31
2b23b433-8844-4ce1-a4aa-45ab7d0ea12b,alcohols.rodeo,available,13.98,17.98,medium,low,8,namecheap,,,20/09/2026 18:31
fd2e5434-938a-4fae-8d1a-aadfe9317348,blancmange.rodeo,available,12.99,12.99,medium,low,10,namesilo,,,24/09/2026 03:51
2315d870-f1e3-47a3-8e51-6734116810d7,skepticism.rodeo,available,12.99,12.99,high,low,10,namesilo,,,24/09/2026 22:29
965758f3-811a-439c-8e47-97eec7a05e3c,rounder.rodeo,available,12.99,12.99,high,low,7,namesilo,,,23/08/2026 00:51
b2d859d4-4384-4089-a6c6-fc10e6804345,verminous.rodeo,available,12.99,12.99,medium,low,9,namesilo,,,13/09/2026 04:05
0b1ce44c-047f-47dd-b1eb-30077c1fc3f9,satiny.rodeo,available,12.99,12.99,medium,low,6,namesilo,,,09/09/2026 21:41
04febd4d-91c4-4207-86a2-46c1e4c579b0,erotically.rodeo,available,12.99,12.99,medium,low,10,namesilo,,,14/09/2026 15:58
72b39673-3464-4ead-9f73-878b68fbcee2,thinly.rodeo,available,12.99,12.99,medium,low,6,namesilo,,,11/09/2026 13:26
ead4a2e2-e806-4bf2-a928-028ce8efaeb9,port.rodeo,available,12.99,12.99,high,low,4,namesilo,,,25/09/2026 13:07
c2e6f827-f805-4fd6-9c84-3fa6d4f71738,lifelong.rodeo,available,12.99,12.99,high,low,8,namesilo,,,23/08/2026 01:51
94828d8d-aa99-47dc-87f3-2066ddaec99f,hooker.rodeo,premium,47.2,11.8,medium,low,6,namesilo,,,25/09/2026 22:46
f3c76e63-241d-45a9-b956-462cb0ba3e91,promotions.rodeo,available,12.99,12.99,high,low,10,namesilo,,,20/09/2026 23:27
ac8d0a7d-7d8b-450f-9130-160ac7f66bd2,acceptance.rodeo,available,12.99,12.99,high,low,10,namesilo,,,16/09/2026 22:01
9d777ebd-f8f2-4ba1-a2a1-7240dce1790f,demise.rodeo,available,12.99,12.99,high,low,6,namesilo,,,14/08/2026 21:56
b9c5e654-25b3-412c-a316-df6293013f7d,audiotape.rodeo,available,12.99,12.99,high,low,9,namesilo,,,21/09/2026 03:01
391c6bd7-f451-4c4b-9e11-9d3debaa2759,persistence.rodeo,available,12.99,12.99,high,low,11,namesilo,,,
8e896d1b-c465-4aa6-9737-d4b857b0a862,relaxed.rodeo,available,12.99,12.99,high,low,7,namesilo,,,09/09/2026 13:24
fcdcbc68-3102-4988-a9c0-70b70339091b,senatorial.rodeo,available,12.99,12.99,medium,low,10,namesilo,,,10/09/2026 03:38
b3731d36-1c5f-4181-97e4-d26e22ad4ed9,acrylic.rodeo,available,13.98,17.98,high,low,7,namecheap,,,17/09/2026 04:05
e77cd298-18ed-44ae-9bba-8ad139b1bc30,annoy.rodeo,available,12.99,12.99,high,low,5,namesilo,,,
f5c2c69d-087b-400d-b84c-0d0edef1145e,infield.rodeo,available,12.99,12.99,high,low,7,namesilo,,,22/09/2026 10:07
200f00f7-afe9-4336-b964-31e5b1978ad7,twentieth.rodeo,available,12.99,12.99,high,low,9,namesilo,,,21/09/2026 12:27
28509869-5f41-4d35-97d6-1d915d411f08,christ.rodeo,available,12.99,12.99,high,low,6,namesilo,,,
e5d503e1-2ce7-4524-9869-cd710b93ae33,ascendance.rodeo,available,12.99,12.99,high,low,10,namesilo,,,20/09/2026 13:03
133c4217-e6b2-4c39-a8a3-13b0255731b4,abronia.rodeo,available,13.98,17.98,medium,low,7,namecheap,,,16/09/2026 17:19
1175d8d6-e170-4e13-8eb7-c3501776858f,radiance.rodeo,available,12.99,12.99,high,low,8,namesilo,,,20/08/2026 15:09
d706f7f1-cafd-4ac9-8847-6601ce5cb1f6,stuart.rodeo,available,13.98,17.98,high,low,6,namecheap,,,25/09/2026 22:59
6d94b855-4c95-4eab-a9b9-6d29d09ab77a,undisciplined.rodeo,available,12.99,12.99,medium,low,13,namesilo,,,
6bdc1658-712f-4756-a649-c78e685222b8,vague.rodeo,available,12.99,12.99,high,low,5,namesilo,,,25/09/2026 23:34
695691ec-da7d-4504-ac3e-0994cdb4fb0b,patients.rodeo,available,13.98,17.98,high,low,8,namecheap,,,25/09/2026 21:13
21f848a0-d258-4fe4-ba4c-955eaeee8cf9,blaze.rodeo,available,12.99,12.99,high,low,5,namesilo,,,10/08/2026 13:51
ee51b4db-cdf1-4bf9-8cf1-e54670e41f4e,sentences.rodeo,available,13.98,17.98,medium,low,9,namecheap,,,16/09/2026 20:11
5896353e-102a-48e5-91ae-eff92630d85b,tyrolean.rodeo,available,12.99,12.99,medium,low,8,namesilo,,,11/09/2026 22:33
85971a17-98a4-4a83-9449-49e58e5f477d,impaired.rodeo,available,13.98,17.98,medium,low,8,namecheap,,,21/08/2026 21:40
292fda11-92d3-4d26-b408-ac64c01a2bd6,numb.rodeo,available,13.98,17.98,medium,low,4,namecheap,,,22/09/2026 19:39
71e891d7-1eb5-4495-8f6b-7d088077f6f7,blazonry.rodeo,available,12.99,12.99,medium,low,8,namesilo,,,24/09/2026 05:06
1fd0f7c3-c89f-4a61-b583-1faeaec9d163,passerine.rodeo,available,12.99,12.99,medium,low,9,namesilo,,,08/09/2026 02:29
b63dca64-f96a-46c3-80d0-d951e55951e4,bop.rodeo,premium,96,11.8,high,low,3,namesilo,,,22/09/2026 10:28
251bfdb1-084f-44b2-b5c2-59d496b29373,buddhist.rodeo,available,12.99,12.99,high,low,8,namesilo,,,11/08/2026 07:39
83a7ce84-91aa-499c-833f-fcb12360c784,demand.rodeo,available,12.99,12.99,high,low,6,namesilo,,,24/09/2026 15:48
a45c45eb-a390-4cd8-976d-22938354099a,orca.rodeo,available,13.28,,high,medium,4,namecheap,,,
b1fa84e3-3d03-46cf-b5c6-25547ae8e6f8,kills.rodeo,available,13.98,17.98,medium,low,5,namecheap,,,25/09/2026 21:19
a906024e-f900-46a4-9845-24f34dfc1650,acerose.rodeo,available,12.99,12.99,medium,low,7,namesilo,,,
e3b8041e-23df-4854-89f6-8ca88161f85b,strumpet.rodeo,available,12.99,12.99,medium,low,8,namesilo,,,17/09/2026 10:22
11360cff-bdb7-455c-b96e-5988d1f779f5,shopping.rodeo,premium,854,11.8,high,low,8,namesilo,,,
c36c44f5-3dab-4642-a081-bc3ed8e41e9d,probable.rodeo,available,12.99,12.99,high,low,8,namesilo,,,
cd549210-e013-4488-80e1-55fcc66e891b,chanted.rodeo,available,12.99,12.99,medium,low,7,namesilo,,,12/08/2026 02:00
f10de342-dd7d-4ee6-ab43-b32405d0c25b,pubescent.rodeo,available,12.99,12.99,high,low,9,namesilo,,,09/09/2026 05:15
2626094a-3a19-4dd0-a746-d010be5033f9,plough.rodeo,available,12.99,12.99,medium,low,6,namesilo,,,23/09/2026 14:29
7a3f75b2-5854-42c9-a1ea-2f653a4bcffe,renowned.rodeo,available,12.99,12.99,high,low,8,namesilo,,,11/08/2026 23:18
290e779f-e8fe-46cb-9aec-08aed7763311,pretense.rodeo,available,12.99,12.99,high,low,8,namesilo,,,25/09/2026 16:21
1f77efee-5f38-4039-af90-8941b16813e4,bonnie.rodeo,available,13.98,17.98,high,low,6,namecheap,,,10/08/2026 18:47
37874071-8302-4e3a-a52b-adf03591f6e1,bise.rodeo,available,13.98,17.98,medium,low,4,namecheap,,,23/09/2026 21:37
4ac2a811-7931-4b00-aba3-771034466bee,iodized.rodeo,available,12.99,12.99,medium,low,7,namesilo,,,22/08/2026 09:18
7a95ee04-782c-403b-92aa-4b9cc067456f,obtain.rodeo,available,12.99,12.99,high,low,6,namesilo,,,
fa4bbd3a-8f0f-4d0e-9497-e2d05034e651,anyway.rodeo,available,12.99,12.99,high,low,6,namesilo,,,
d11c0beb-fdcc-40fb-bcdb-f4c481e27d46,fadeout.rodeo,available,12.99,12.99,medium,low,7,namesilo,,,09/09/2026 11:18
4ac66ab2-2f02-45d0-89d9-78cefeaf7256,congenital.rodeo,available,13.98,17.98,high,low,10,namecheap,,,12/08/2026 21:40
30c5e59e-7d9b-4819-a24c-d76a3f4a92fc,downcast.rodeo,available,12.99,12.99,medium,low,8,namesilo,,,14/08/2026 17:33
37321799-059e-47db-a7c2-c65b31be1420,sobering.rodeo,available,12.99,12.99,high,medium,8,namesilo,,,10/09/2026 13:02
449022e7-91cd-4378-8565-ba4f7289fd64,arrives.rodeo,available,13.98,17.98,medium,low,7,namecheap,,,20/09/2026 01:05
765db1c4-a111-416b-b132-43a9b351d5c5,aria.rodeo,premium,47.2,11.8,high,medium,4,namesilo,,,20/09/2026 05:09
ced8af15-602b-4d29-b256-781b1e2f84f7,burlesque.rodeo,available,12.99,12.99,high,low,9,namesilo,,,11/08/2026 10:40
b190692d-98c9-4545-bb42-c6ac4bbe523f,grimy.rodeo,available,12.99,12.99,medium,low,5,namesilo,,,09/08/2026 09:25
fb672ae1-0e80-4e48-9983-9257a248cad0,tracked.rodeo,available,12.99,12.99,high,low,7,namesilo,,,
be5166c8-8e15-4ac3-8303-ef6a35761331,subaltern.rodeo,available,12.99,12.99,medium,low,9,namesilo,,,22/08/2026 14:29
beafaaa6-b49d-4be2-bef9-875c975dc91f,apocrypha.rodeo,available,13.98,17.98,medium,low,9,namecheap,,,19/09/2026 18:13
dd9ef089-c1bc-4e62-a4f8-3fd95c1b9b8d,hani.rodeo,available,13.98,17.98,high,low,4,namecheap,,,17/09/2026 23:54
de77fc0e-0200-4cbc-93a7-c4a4e09228ea,genetical.rodeo,available,13.98,17.98,medium,low,9,namecheap,,,18/08/2026 21:37
9e6d95e5-b9fe-4aac-8db4-28e01eeaed85,bagel.rodeo,available,12.99,12.99,high,low,5,namesilo,,,
35733a66-b350-4f23-8043-e6ff9fd71d6c,anticlimax.rodeo,available,12.99,12.99,medium,low,10,namesilo,,,19/09/2026 14:16
6345799e-8269-4952-845c-b636fb26310b,holmes.rodeo,premium,47.2,11.8,high,low,6,namesilo,,,20/09/2026 10:51
0291c745-18d5-407f-8f26-2064af9a3f16,raspy.rodeo,available,13.98,17.98,medium,low,5,namecheap,,,20/08/2026 18:31
fdfc8621-6197-4999-8bb2-6fe846b1512d,bane.rodeo,available,13.98,17.98,medium,low,4,namecheap,,,22/09/2026 01:39
2304ab23-2ef1-492d-87b2-11c9a54a99b3,brenda.rodeo,premium,52,13,medium,low,6,namecheap,,,25/09/2026 15:27
e4c36582-bbdb-4c09-b1a5-24af656f69d4,sterling.rodeo,premium,52,13,high,low,8,namecheap,,,10/09/2026 20:14
7283886f-95a9-4aa8-bbac-cc8f0cc1424d,manual.rodeo,available,12.99,12.99,high,low,6,namesilo,,,25/09/2026 16:42
c1d5b802-fb4d-477c-9eb8-42493b2ac52d,nodular.rodeo,available,13.98,17.98,medium,low,7,namecheap,,,03/09/2026 18:06
f81f4cb0-a370-4f9a-b8f1-287434178eac,pharmaceutical.rodeo,available,12.99,12.99,high,low,14,namesilo,,,19/09/2026 04:12
aa7a0f94-e933-4e41-8c57-c2c52bff0cf9,bryant.rodeo,premium,47.2,11.8,high,low,6,namesilo,,,25/09/2026 17:45
847a4fac-17c2-48aa-b9a6-66aeffaff8d7,algebra.rodeo,available,12.99,12.99,high,low,7,namesilo,,,18/09/2026 06:54
03ed664e-a963-4f99-b877-7d669c3b2f49,flawlessly.rodeo,available,12.99,12.99,medium,low,10,namesilo,,,12/08/2026 10:23
d6d8236c-2129-4de9-9bf1-393da38fd2cf,holey.rodeo,available,12.99,12.99,medium,low,5,namesilo,,,21/08/2026 10:23
015c7adc-3b0a-4c66-ac23-e0a15c138281,bells.rodeo,available,13.98,17.98,high,low,5,namecheap,,,25/09/2026 15:52
56ccfcc7-d9c2-4dbc-b236-7263e9436278,unshielded.rodeo,available,13.98,17.98,medium,low,10,namecheap,,,12/09/2026 19:49
ed72b0d7-b2ce-47ff-8b00-2348fbb7edb6,abila.rodeo,available,12.99,12.99,medium,low,5,namesilo,,,16/09/2026 15:52
98b45137-a18c-4774-b4ca-e40feaf9418d,afterglow.rodeo,available,13.98,17.98,high,low,9,namecheap,,,17/09/2026 15:42
efa138b4-9395-4262-8b60-671a9658864b,sneezewort.rodeo,available,12.99,12.99,medium,low,10,namesilo,,,17/09/2026 00:38
cb6855c9-08b8-4e0a-b59b-9ec46753ec3a,actium.rodeo,available,12.99,12.99,medium,low,6,namesilo,,,17/09/2026 05:08
d346b249-867a-4bd4-94a6-30a7c0e0744a,characters.rodeo,available,12.99,12.99,high,low,10,namesilo,,,
d064839b-a86c-4c8d-8723-14b26232d63a,attractive.rodeo,available,12.99,12.99,high,low,10,namesilo,,,22/09/2026 11:44
d0c7775a-8496-4739-bbbf-6b9e92e265a9,opposed.rodeo,available,12.99,12.99,high,low,7,namesilo,,,04/09/2026 16:45
33a7fc65-3a90-4612-94e7-184a33bc6a7b,swept.rodeo,available,12.99,12.99,high,low,5,namesilo,,,11/09/2026 05:44
9692f243-cea5-4cc8-82e3-9323bb81ed0d,vacant.rodeo,available,12.99,12.99,high,low,6,namesilo,,,13/09/2026 00:38
b3cdb73e-677b-477b-a2fc-d03eafedf367,aberdonian.rodeo,available,12.99,12.99,medium,low,10,namesilo,,,
eb3fdcf8-afbc-490f-bd66-124594478aeb,skinless.rodeo,available,12.99,12.99,medium,low,8,namesilo,,,10/09/2026 09:42
13b362eb-7a29-4cf0-b29c-18c14ccd68ea,execution.rodeo,available,12.99,12.99,high,low,9,namesilo,,,
393e6565-ddcf-4f22-b9f9-e9a0ea621095,overhand.rodeo,available,13.98,17.98,high,low,8,namecheap,,,04/09/2026 20:09
626528c3-1d71-43a5-8679-7ccefa2c1b1d,tubby.rodeo,available,12.99,12.99,medium,low,5,namesilo,,,08/09/2026 22:29
7c7be324-2747-430b-aacc-e35623d503d4,crackers.rodeo,available,12.99,12.99,medium,low,8,namesilo,,,06/08/2026 20:45
cf7f0d3a-74d6-46d7-a0ad-5fc48138c306,informers.rodeo,available,12.99,12.99,medium,low,9,namesilo,,,21/09/2026 09:19
2501fc1b-de1e-4bfa-94e7-56e675ae57e4,inhabit.rodeo,available,12.99,12.99,high,low,7,namesilo,,,24/08/2026 07:51
fdbb52fe-d02b-4be3-9526-bf8c684cba42,semipublic.rodeo,available,12.99,12.99,medium,low,10,namesilo,,,10/09/2026 03:17
751921b8-4caa-4e1a-b383-3c45410dec4f,trained.rodeo,available,12.99,12.99,high,low,7,namesilo,,,
7f4f9c26-01cd-4e61-94bb-ea303fe71a41,macedonian.rodeo,available,12.99,12.99,high,low,10,namesilo,,,24/08/2026 12:46
38d1076e-a68d-4c6f-ad45-519ff3919aff,fixation.rodeo,available,12.99,12.99,high,low,8,namesilo,,,20/09/2026 09:06
265e3531-089c-4bf0-b729-2ca56f65dbf3,sad.rodeo,premium,96,11.8,high,low,3,namesilo,,,24/09/2026 05:55
02a6e784-9b1b-44ae-8a37-a8db3f674fe3,hundred.rodeo,available,12.99,12.99,high,low,7,namesilo,,,21/09/2026 11:00
dfc15447-365e-4da0-a015-647eb0df839c,prisms.rodeo,available,12.99,12.99,medium,low,6,namesilo,,,21/09/2026 00:27
530f115c-cde4-4fc4-9f72-c5c25167e7b6,airspace.rodeo,available,12.99,12.99,high,low,8,namesilo,,,17/09/2026 22:49
d7083764-f543-4076-a42f-502171dfe7a4,saucer.rodeo,available,12.99,12.99,high,low,6,namesilo,,,
7cfee1d5-8934-4ec5-8f2d-d61642764204,coins.rodeo,resell,,,high,medium,5,"Global Domains International, Inc. DBA DomainCostClub.com",23/04/2024 00:38,23/04/2027 00:38,26/09/2026 05:06
0929e394-ef75-4366-bb5f-1b3695fde62a,estimating.rodeo,available,12.99,12.99,medium,low,10,namesilo,,,
969ba2af-68a9-4b93-9005-0e50b73a2849,indate.rodeo,available,12.99,12.99,medium,low,7,namesilo,,,
76cf3289-026e-4363-90e9-349d1689cb6c,continually.rodeo,available,12.99,12.99,medium,low,11,namesilo,,,
4b225221-cf41-44d3-a4de-c181da8b82f9,shredded.rodeo,available,12.99,12.99,high,low,8,namesilo,,,12/08/2026 06:59
cee2e0dd-daee-4820-ad62-9beb852a05b0,wentworth.rodeo,available,12.99,12.99,high,low,9,namesilo,,,25/09/2026 21:47
cb0b5235-440f-4353-9b6f-535fbf1c9130,fresher.rodeo,available,12.99,12.99,high,low,7,namesilo,,,18/08/2026 15:22
253b6a27-54f7-4d42-9f6f-e80c9cddebc7,atropos.rodeo,available,12.99,12.99,medium,low,7,namesilo,,,21/09/2026 01:01
93377022-2328-4c1f-a279-267cd543e43e,gallican.rodeo,available,12.99,12.99,high,low,8,namesilo,,,18/08/2026 19:40
e61ffd43-3d24-4a66-9169-c9b9e427c54e,sumerian.rodeo,available,12.99,12.99,high,low,8,namesilo,,,11/09/2026 01:33
634932c7-4d15-4d4c-b230-8f7b5a90485c,isomeric.rodeo,available,12.99,12.99,medium,low,8,namesilo,,,22/08/2026 11:08
21b4d307-ac22-41e6-a151-ba1b808afb5a,haughty.rodeo,available,12.99,12.99,medium,low,7,namesilo,,,21/08/2026 01:24
887b522d-9d91-4be0-a075-f4d4e49b9eaf,composite.rodeo,available,12.99,12.99,high,low,9,namesilo,,,23/09/2026 17:39
171aec22-9b19-4fcc-a158-c52d725930aa,guidance.rodeo,available,12.99,12.99,high,low,8,namesilo,,,24/09/2026 02:39
c9ee799c-4059-4d80-b914-c21757bb6eb9,sensibly.rodeo,available,12.99,12.99,medium,low,8,namesilo,,,16/09/2026 00:35
5de79493-61d9-4b07-86a7-e85169381d13,androgenic.rodeo,available,12.99,12.99,medium,low,10,namesilo,,,
677bda3a-1c9e-4d9b-aee7-1e302627bba4,harlot.rodeo,available,16.99,16.99,medium,low,6,name.com,,,13/08/2026 14:19
8563ad65-451b-4123-9768-f8429f52fc39,opponent.rodeo,available,12.99,12.99,high,low,8,namesilo,,,04/09/2026 16:36
7428d5e4-4ff5-4762-ab44-78f9f3e9c3be,adventurer.rodeo,available,12.99,12.99,high,low,10,namesilo,,,17/09/2026 10:41
e6d437c8-4bd7-4993-a150-64bbf1d38458,notional.rodeo,available,13.98,17.98,high,low,8,namecheap,,,12/08/2026 20:01
475a8fd9-a654-47fa-b0e1-2a65e482368d,nude.rodeo,premium,96,11.8,high,low,4,namesilo,,,07/08/2026 16:15
17518332-2a76-42b8-a63e-94b9b18cd837,typing.rodeo,available,12.99,12.99,high,low,6,namesilo,,,
1c773812-1f81-458d-b468-9ac70dfd721b,saddle.rodeo,premium,96,11.8,high,low,6,namesilo,,,
560b6865-73dd-4386-9dee-995dc16c8eb2,nippy.rodeo,available,12.99,12.99,high,low,5,namesilo,,,03/09/2026 17:42
44b6a4f4-e5eb-4d5d-b187-08f971927a85,hatless.rodeo,available,12.99,12.99,medium,low,7,namesilo,,,21/08/2026 01:20
a8f5c0e5-de5f-4516-b11d-0efb84a00500,greet.rodeo,available,12.99,12.99,high,low,5,namesilo,,,
f49e1e3a-688c-4be5-9490-4a850c4972c3,enough.rodeo,available,12.99,12.99,high,low,6,namesilo,,,24/09/2026 14:04
6d83d063-58dc-42af-b435-d10cb8ca6e73,zygomatic.rodeo,available,12.99,12.99,high,low,9,namesilo,,,13/09/2026 15:39
c21c56b7-33ce-44f8-9367-1e5f85c4fe2b,breast.rodeo,available,13.98,17.98,high,low,6,namecheap,,,24/09/2026 08:29
33cbed44-0d4e-45df-83e0-694c24d5b133,acknowledge.rodeo,available,16.99,,high,low,11,name.com,,,
79c6750b-f1f0-42c1-80df-10391c5257bd,araxes.rodeo,available,12.99,12.99,medium,low,6,namesilo,,,20/09/2026 00:19
9a45e848-9561-45eb-ad8e-3d54b6c4cbc9,recorded.rodeo,available,12.99,12.99,high,low,8,namesilo,,,
b2e421a6-ee13-4a35-a5c9-9fe42d3c225e,amalgamate.rodeo,available,12.99,12.99,high,low,10,namesilo,,,22/09/2026 03:01
ffc030dc-de79-4b49-a6a7-78e58ca7fb78,plumed.rodeo,available,12.99,12.99,medium,low,6,namesilo,,,08/09/2026 21:36
3f92a438-5caa-44b8-9456-541a7dfa1240,reset.rodeo,available,12.99,12.99,high,medium,5,namesilo,,,
8b7b283c-0037-46a6-97de-aaca04e768b9,campy.rodeo,available,12.99,12.99,medium,low,5,namesilo,,,11/08/2026 15:48
264822d4-0f20-4469-9ecc-e0bbcdad24c5,brickle.rodeo,available,12.99,12.99,medium,low,7,namesilo,,,11/08/2026 03:49
840e32c6-ad3b-47f5-8840-552db620435a,changed.rodeo,available,12.99,12.99,high,low,7,namesilo,,,12/08/2026 01:53
731ed776-4c77-47cd-9eaf-369e9768dcfe,roadless.rodeo,available,12.99,12.99,medium,low,8,namesilo,,,08/09/2026 10:27
7802799f-5ff9-485c-8f42-98c87334abf8,envisioned.rodeo,available,12.99,12.99,high,low,10,namesilo,,,24/09/2026 14:18
27a6952a-244e-400d-9e3d-0f01088ef3ed,lunisolar.rodeo,available,12.99,12.99,medium,low,9,namesilo,,,24/08/2026 11:31
d47792fe-2a31-4f37-8375-7d7a7621ae1a,sam.rodeo,premium,47.2,11.8,high,medium,3,namesilo,,,
1154b2d2-0fdf-47ab-96fb-9dd06be39a07,kurrat.rodeo,available,12.99,12.99,medium,low,6,namesilo,,,18/09/2026 11:14
857e1b8e-0a0a-44f5-a67e-3c65e797a2dc,steady.rodeo,available,13.98,17.98,high,low,6,namecheap,,,24/09/2026 18:34
e5cfdc18-dd8d-49c5-ac59-5e003330410c,diaphanous.rodeo,available,12.99,12.99,medium,low,10,namesilo,,,12/08/2026 14:26
f1dbfb2e-d20a-48fd-b5c6-fe17c9dd27ff,need.rodeo,available,12.99,12.99,high,low,4,namesilo,,,25/09/2026 21:55
530df7e7-9f0e-4735-b9b8-ef076aa8bc9a,boxed.rodeo,available,12.99,12.99,high,low,5,namesilo,,,11/08/2026 00:02
543bdf2c-a035-454a-a0c1-3867c9552b69,orbicular.rodeo,available,12.99,12.99,medium,low,9,namesilo,,,08/08/2026 10:11
f347f66f-9ea7-4b82-916e-397f95de74e0,aerie.rodeo,available,12.99,12.99,high,medium,5,namesilo,,,
2d243ae3-f9a4-417a-a894-e179a87a092d,amusing.rodeo,available,13.98,17.98,high,low,7,namecheap,,,
5304c28f-623e-4460-a494-04d732071e53,suspension.rodeo,available,12.99,12.99,high,low,10,namesilo,,,
b0e2e561-4179-4833-835d-011436021ce1,courageous.rodeo,available,12.99,12.99,high,low,10,namesilo,,,23/09/2026 02:25
549daf9d-f856-44a4-8727-117582da5221,artless.rodeo,available,12.99,12.99,medium,low,7,namesilo,,,06/08/2026 23:47
9bc38076-c8b2-4be1-8f25-19132124191d,gadget.rodeo,available,12.99,12.99,high,low,6,namesilo,,,19/09/2026 21:47
19932a12-e1e6-497b-a8e4-9d08233e67f9,nether.rodeo,available,12.99,12.99,high,low,6,namesilo,,,12/08/2026 07:29
c5c5e7fd-b268-4a87-aa53-678fb6c32657,boldface.rodeo,available,12.99,12.99,high,low,8,namesilo,,,10/08/2026 17:43
7a2f7e8d-92c6-4aa7-878b-3aab2d19be00,booklet.rodeo,available,12.99,12.99,high,low,7,namesilo,,,24/09/2026 07:06
f4738adb-c676-4f95-900c-3569079f5de4,costal.rodeo,available,12.99,12.99,high,low,6,namesilo,,,13/08/2026 03:04
079eace3-cbd5-44a7-a872-6319d07f2421,tongues.rodeo,available,12.99,12.99,medium,low,7,namesilo,,,18/09/2026 07:52
6d97b6cb-741c-41ac-9fb6-6321b7503d47,antabuse.rodeo,available,12.99,12.99,medium,low,8,namesilo,,,19/09/2026 12:24
732234f2-25c4-4764-ab27-723f8402313a,dexter.rodeo,available,12.99,12.99,high,low,6,namesilo,,,14/08/2026 05:26
b8e6e0ab-46c8-4243-a05b-206c2a110aed,bulimia.rodeo,available,16.99,16.99,medium,low,7,name.com,,,23/09/2026 17:32
a576d0e8-fd61-4ced-86fd-88bf75ab0aa1,ballistics.rodeo,available,12.99,12.99,high,low,10,namesilo,,,21/09/2026 22:57
1c8cd609-af04-4952-bf13-60051a269937,prostate.rodeo,available,12.99,12.99,high,low,8,namesilo,,,09/09/2026 03:47
b5bc37da-99cf-44ba-9179-6ebbead12459,tangy.rodeo,available,12.99,12.99,high,low,5,namesilo,,,22/08/2026 23:32
f11e4003-9961-4733-97fd-f3f246d26869,unsugared.rodeo,available,12.99,12.99,low,low,9,namesilo,,,12/09/2026 20:48
9ee21edf-3475-4b21-8688-f831333be9c2,pluton.rodeo,available,13.98,17.98,medium,low,6,namecheap,,,22/09/2026 13:46
7292701c-2306-4427-ba12-670217e38f61,theresa.rodeo,available,13.98,17.98,high,low,7,namecheap,,,17/09/2026 18:43
4500af29-016b-41e0-9417-d44f623b201e,baize.rodeo,available,13.98,17.98,medium,low,5,namecheap,,,21/09/2026 19:59
061de6ea-73b8-43eb-83c1-b301eca79585,avocet.rodeo,available,13.98,17.98,medium,low,6,namecheap,,,21/09/2026 09:44
8607efab-d526-49a9-87b5-738374676c69,castle.rodeo,available,12.99,12.99,high,low,6,namesilo,,,25/09/2026 04:06
49240185-50f5-4f6e-8975-bf0d6da3ad85,planned.rodeo,available,12.99,12.99,high,low,7,namesilo,,,21/09/2026 22:06
b6b7fc3c-650d-4063-8a95-386bc5f01b56,new.rodeo,premium,96,11.8,high,medium,3,namesilo,,,24/09/2026 21:46
b11ae037-5ef2-4d9a-bddd-430b3a830150,exhibit.rodeo,premium,242,11.8,high,low,7,namesilo,,,
5900bc9f-ba11-4fce-89f9-a6cb5a2b7291,million.rodeo,available,13.98,17.98,high,low,7,namecheap,,,25/09/2026 20:09
b066e198-3e1a-4cb4-a05d-c8b95545be9f,hats.rodeo,available,12.99,12.99,high,low,4,namesilo,,,18/09/2026 07:32
21ea30f5-5c7c-4fd9-b982-1ba70ffbcc18,liquor.rodeo,available,16.99,,high,low,6,name.com,,,
69c61d8b-f65c-4463-98c2-151b98dbdb26,garlic.rodeo,available,12.99,12.99,high,low,6,namesilo,,,
223b8da8-4584-46e6-8eda-10f59491d4ed,washout.rodeo,available,13.98,17.98,medium,low,7,namecheap,,,14/08/2026 20:57
c94ddd52-5aad-43d0-91c1-4b4d22e8c2c8,torpid.rodeo,available,12.99,12.99,medium,low,6,namesilo,,,14/08/2026 16:15
29b60583-0184-4521-97eb-04b2ef0c78ed,sse.rodeo,available,12.99,12.99,high,low,3,namesilo,,,16/09/2026 05:18
0cde23b3-b903-4ad3-8154-356ebfcdc9bb,backslash.rodeo,available,16.99,,high,low,9,name.com,,,
2ac487da-d6c5-4077-94e6-588fb760625b,revelatory.rodeo,available,12.99,12.99,high,low,10,namesilo,,,06/08/2026 00:55
bb6b6014-b835-4dc3-83e6-90d6acce9f3a,locally.rodeo,available,16.99,,high,low,7,name.com,,,
21a77509-5329-4a03-bd92-7d71cec04195,janet.rodeo,premium,47.2,11.8,high,low,5,namesilo,,,25/09/2026 13:29
d4f831f4-3d86-45a1-8205-fb75379e96a9,hexed.rodeo,available,12.99,12.99,medium,low,5,namesilo,,,21/08/2026 07:51
bd6be551-a6f3-4ffc-a5c7-b3c8b7588649,vanderbilt.rodeo,available,12.99,12.99,high,low,10,namesilo,,,25/09/2026 04:24
1adfdc7a-6b59-4dc0-9c05-ce4284376195,sublimed.rodeo,available,12.99,12.99,medium,low,8,namesilo,,,11/09/2026 00:03
f539d059-62bd-4de9-8919-4869e2955029,alright.rodeo,available,12.99,12.99,high,low,7,namesilo,,,22/09/2026 01:15
3868b0d6-4aa5-4e3f-8d82-ad866c4bad86,attempted.rodeo,available,12.99,12.99,medium,low,9,namesilo,,,07/08/2026 15:12
f387a6a3-cf11-4a04-b561-439cae426698,balanced.rodeo,available,13.98,17.98,high,low,8,namecheap,,,22/09/2026 16:28
b962a5c5-12cb-485d-b23e-8a3dfc3457fb,barbecue.rodeo,available,12.99,12.99,high,low,8,namesilo,,,
56248a89-a0ab-4334-91ff-18e1358ce562,aromatic.rodeo,available,13.98,17.98,high,low,8,namecheap,,,22/09/2026 08:02
c243adb4-286c-4f5f-b8d4-9c66d7b7c488,otic.rodeo,available,12.99,12.99,medium,low,4,namesilo,,,07/08/2026 17:41
80ad84b7-5c6b-456f-99f5-8d18352690c4,architect.rodeo,available,12.99,12.99,high,low,9,namesilo,,,20/09/2026 02:11
bf62f75a-da68-4c7d-852b-d36ebc39e5fc,told.rodeo,available,12.99,12.99,medium,low,4,namesilo,,,
614a3f4d-3669-4e6e-9b10-ddcb283842f4,opportune.rodeo,available,12.99,12.99,high,low,9,namesilo,,,04/09/2026 16:43
66819268-4b83-4779-9700-ffed75591aa0,selfless.rodeo,available,13.98,17.98,high,low,8,namecheap,,,22/09/2026 02:51
3bbaa48d-5986-4ba9-95c2-9e56d7ce4ec3,stuck.rodeo,available,12.99,12.99,medium,low,5,namesilo,,,
ca1976e1-47ff-4e19-ba6d-1debc854016f,unclaimed.rodeo,available,12.99,12.99,medium,low,9,namesilo,,,12/09/2026 05:13
8288a32a-e3d3-4dbd-96f4-3df0917f3928,reflexion.rodeo,available,12.99,12.99,high,low,9,namesilo,,,03/09/2026 11:28
7daf9f42-809c-49e2-bd09-de2d9c8ce2ee,murders.rodeo,available,16.99,16.99,low,low,7,name.com,,,25/09/2026 21:34
07b27ea9-7904-4bb1-9ec4-7f88afbf4012,greedy.rodeo,available,12.99,12.99,high,low,6,namesilo,,,07/08/2026 22:09
85729028-4297-470e-abbe-a77286eaf5cb,cortical.rodeo,available,12.99,12.99,medium,low,8,namesilo,,,13/08/2026 02:35
18099551-7bf2-4f52-a2e6-fdaadf4a13e7,bumbling.rodeo,available,12.99,12.99,medium,low,8,namesilo,,,11/08/2026 09:34
738b4f58-c1ab-499b-88ea-a8e6803118d6,scholarly.rodeo,available,12.99,12.99,high,low,9,namesilo,,,09/09/2026 23:11
849fac22-f802-4fa1-bef8-9edcbd586c87,snugly.rodeo,available,12.99,12.99,medium,low,6,namesilo,,,16/09/2026 03:31
2385356c-f379-47ad-9a03-a2f1446449d2,xlii.rodeo,available,12.99,12.99,medium,low,4,namesilo,,,
75c20a9e-afeb-4310-b51d-9833e5451843,script.rodeo,available,12.99,12.99,high,low,6,namesilo,,,08/09/2026 13:57
47220204-67e8-42bb-b2c7-81c3ea7d32e6,autocracy.rodeo,available,13.98,17.98,medium,low,9,namecheap,,,21/09/2026 06:08
02d23701-cb51-4d63-b442-1db3dbf4ec35,julian.rodeo,premium,47.2,11.8,high,low,6,namesilo,,,22/08/2026 14:19
613ccf49-846e-48ff-8e03-fadddc56d93d,aerogram.rodeo,available,12.99,12.99,medium,low,8,namesilo,,,17/09/2026 13:04
a40c3170-49e8-48b5-b97a-54157338420f,cult.rodeo,premium,104,13,high,medium,4,namecheap,,,24/09/2026 19:17
3c7de981-6dea-4609-a049-a3c1acd88267,metacarpal.rodeo,available,13.98,17.98,medium,low,10,namecheap,,,24/08/2026 21:30
d1c55d90-e8cd-4913-952b-d5bc845b652c,bardic.rodeo,available,13.98,17.98,medium,low,6,namecheap,,,08/08/2026 18:00
dce893bf-8f65-4b87-a0ad-375192b72320,stertorous.rodeo,available,13.98,17.98,low,low,10,namecheap,,,10/09/2026 20:21
fda99998-b418-4a83-9b5a-a8ab2f44341e,white.rodeo,premium,47.2,11.8,high,medium,5,namesilo,,,19/09/2026 14:26
35ae2c48-891f-4757-99cd-a5fbd0dd24e5,odd.rodeo,premium,104,13,high,low,3,namecheap,,,24/09/2026 03:59
d0208c8f-2660-4559-9f37-9a9211e1b419,hitherto.rodeo,available,12.99,12.99,medium,low,8,namesilo,,,13/09/2026 21:48
677a3be2-99d1-4b85-bda1-0be3e5ae3480,apartments.rodeo,available,13.98,17.98,medium,low,10,namecheap,,,19/09/2026 20:12
147de7bf-3422-4a65-a949-a2f526d4a3ba,ahead.rodeo,available,12.99,12.99,high,low,5,namesilo,,,21/09/2026 23:29
04accfee-2f78-4df2-8c06-e07b449dfeab,hostel.rodeo,available,12.99,12.99,high,low,6,namesilo,,,21/09/2026 02:25
b5be0c3f-a5b0-4f8a-8671-37f51b225eae,structures.rodeo,available,12.99,12.99,medium,low,10,namesilo,,,
cc287d50-c43a-4cf4-8265-9940e48288bc,sibilant.rodeo,available,12.99,12.99,medium,low,8,namesilo,,,12/08/2026 23:18
9d9e3772-8164-423c-9418-1cb3a5b01cee,costs.rodeo,available,12.99,12.99,high,low,5,namesilo,,,
b4021ba5-ae02-4a93-912c-4d077b828540,uttered.rodeo,available,12.99,12.99,medium,low,7,namesilo,,,17/08/2026 18:44
a7e85961-b9e5-4160-bfaf-6149a5747295,florida.rodeo,premium,96,11.8,high,medium,7,namesilo,,,25/09/2026 05:49
1e6f880d-df00-4a9b-a068-0779857b41e3,motorized.rodeo,available,12.99,12.99,high,low,9,namesilo,,,24/08/2026 18:45
8956d471-8850-4576-9fe0-a4c437495ef2,sacculate.rodeo,available,12.99,12.99,high,medium,9,namesilo,,,09/09/2026 20:37
faef22af-d319-4f7b-95f9-0e38ce0a6f2c,clickbait.rodeo,available,12.99,12.99,medium,low,9,namesilo,,,
28c09fc2-f55b-41b5-b919-b7824cbd807b,jolty.rodeo,available,12.99,12.99,medium,low,5,namesilo,,,11/08/2026 09:50
45249082-20a7-479e-a750-43305bdf113c,riparian.rodeo,available,13.98,17.98,high,low,8,namecheap,,,09/09/2026 17:53
88d40cc7-ec4b-4ae0-b9a8-25d041a63c6f,spoke.rodeo,available,12.99,12.99,high,low,5,namesilo,,,25/09/2026 10:31
12227ac5-995c-45b4-b89b-37a6bf9926a2,abreaction.rodeo,available,16.99,16.99,medium,low,10,name.com,,,16/09/2026 17:06
500c6b3d-b068-4abf-9798-b315f6e0e62f,unimodal.rodeo,available,12.99,12.99,medium,low,8,namesilo,,,12/09/2026 13:07
19c45189-1fd2-4608-a4b4-3f73050afb28,retarded.rodeo,premium,16.99,,medium,low,8,name.com,,,
a1877468-2aa4-4625-86f9-0ec857220084,sheltered.rodeo,available,12.99,12.99,high,medium,9,namesilo,,,10/09/2026 06:27
ef6f253d-c8e4-4477-96ef-1a68ad194776,mentioned.rodeo,available,12.99,12.99,medium,low,9,namesilo,,,
0332ee29-0403-45da-b97a-0cb8d6065500,lottery.rodeo,available,12.99,12.99,high,low,7,namesilo,,,
7e9e1450-3427-403f-88d7-b328b139753d,graphite.rodeo,available,13.98,17.98,high,low,8,namecheap,,,24/09/2026 01:02
9fbc1e38-5d8a-49e1-a83a-82b2ef84f508,dormant.rodeo,available,12.99,12.99,high,low,7,namesilo,,,
cf4e5fdb-8795-4c1c-86bd-e9927b8001a0,synthetic.rodeo,available,12.99,12.99,high,low,9,namesilo,,,11/08/2026 23:35
826b9a6f-7248-4363-9efa-55ecae3e191a,dispatch.rodeo,available,12.99,12.99,high,low,8,namesilo,,,04/09/2026 00:56
fa1d5799-84ab-4e61-9c12-6868efaefaa9,miscible.rodeo,available,12.99,12.99,medium,low,8,namesilo,,,25/08/2026 01:23
8ec44706-5e3f-4805-97ef-049d5170cdba,vomiting.rodeo,available,12.99,12.99,high,low,8,namesilo,,,
5cfcae1e-4150-4426-8073-9b2c9677c7b0,mercantile.rodeo,available,13.98,17.98,high,low,10,namecheap,,,24/08/2026 20:23
851a0795-42a0-4ead-9237-6a9a422e87db,intragroup.rodeo,available,12.99,12.99,medium,low,10,namesilo,,,22/08/2026 08:41
17bc6260-0e90-4c11-a2ee-d0d08048e173,caffeine.rodeo,available,12.99,12.99,high,low,8,namesilo,,,24/09/2026 11:38
36bd1247-df20-4263-b584-f2d0c2b807d9,unleavened.rodeo,available,12.99,12.99,medium,low,10,namesilo,,,12/09/2026 14:46
63c3b184-dbc7-4040-ab41-8c6e42d656f9,biogenesis.rodeo,available,13.98,17.98,high,low,10,namecheap,,,23/09/2026 18:02
1737f81e-d090-460c-9c29-350ab06fd4bc,four.rodeo,available,12.99,12.99,high,low,4,namesilo,,,21/09/2026 13:11
f51280ff-b137-4edd-8d7a-ca1f72cff421,pellucid.rodeo,available,12.99,12.99,high,low,8,namesilo,,,13/08/2026 09:44
a367b483-9ca5-49f9-a10a-bc84cd9e1074,groundless.rodeo,available,12.99,12.99,medium,low,10,namesilo,,,08/08/2026 21:49
b5b5b984-e6d6-4d8c-b9cf-64a4e419b1a4,shakable.rodeo,available,12.99,12.99,medium,low,8,namesilo,,,10/09/2026 05:32
474a5092-cbd6-4d16-9558-57b1f7a21ff2,maybe.rodeo,available,16.99,,high,low,5,name.com,,,
c35af094-1106-4863-a54e-97fa6b09b1e3,luncheon.rodeo,available,12.99,12.99,high,low,8,namesilo,,,
40b20c48-f21e-4237-bfc5-c91752b1b3a0,pleb.rodeo,available,13.98,17.98,medium,low,4,namecheap,,,08/09/2026 21:04
351e7096-d4ff-4196-a554-2b2d8a9e2678,jocular.rodeo,available,12.99,12.99,high,low,7,namesilo,,,22/08/2026 12:57
2b51ce9c-66d6-4cb2-a3b1-d4d90aacd7b2,saame.rodeo,available,13.98,17.98,high,medium,5,namecheap,,,09/09/2026 21:08
1b579d06-2f5d-4702-976c-dab058762495,all.rodeo,premium,96,11.8,high,medium,3,namesilo,,,22/09/2026 00:25
b5b39d9c-01e0-4fa0-9007-94579a8552cb,gillespie.rodeo,premium,47.2,11.8,high,low,9,namesilo,,,25/09/2026 04:55
a34be3a5-06b6-4387-89a9-c53cd749f3f5,secretive.rodeo,available,12.99,12.99,medium,low,9,namesilo,,,12/08/2026 12:18
8450f8fd-c377-49dd-9e8f-5227b192c3a5,tears.rodeo,available,12.99,12.99,high,low,5,namesilo,,,24/09/2026 02:29
3155994d-9c80-4a11-909f-860ed9dbbb60,beltway.rodeo,available,12.99,12.99,high,low,7,namesilo,,,23/09/2026 07:15
5dddfeac-11b3-444a-952c-3d743287086b,recessions.rodeo,available,13.98,17.98,low,low,10,namecheap,,,21/09/2026 06:29
dc9647ae-1b3e-4532-8989-65e60a87d3e6,spaces.rodeo,available,12.99,12.99,high,low,6,namesilo,,,24/09/2026 15:02
63687003-f40e-4216-a87e-71f23aa816cd,wavering.rodeo,available,12.99,12.99,medium,low,8,namesilo,,,13/09/2026 00:41
98d16855-42ba-4208-9e5e-640850a9534b,autofocus.rodeo,available,12.99,12.99,high,low,9,namesilo,,,21/09/2026 06:19
6c846311-7e9b-4f13-8029-7d8127d1126b,heartening.rodeo,available,12.99,12.99,high,low,10,namesilo,,,21/08/2026 02:09
0292b186-da98-43e4-83fb-69e512e88b02,physically.rodeo,available,12.99,12.99,high,low,10,namesilo,,,19/09/2026 14:53
9a1cac08-87fa-42e9-889a-356214e24e50,thatch.rodeo,available,13.98,17.98,medium,low,6,namecheap,,,24/09/2026 02:04
c4ea9bdf-3eb5-4abb-8473-bd8747b773e9,continuing.rodeo,available,13.98,17.98,high,low,10,namecheap,,,23/09/2026 22:17
fe37f6c5-dbea-49f0-9fd4-01dbfee4c204,crabby.rodeo,available,12.99,12.99,medium,low,6,namesilo,,,08/08/2026 07:43
3beb0da6-1111-4691-bac8-2a8764a6e808,knows.rodeo,available,12.99,12.99,medium,low,5,namesilo,,,25/09/2026 02:31
af9f2182-0377-4185-be44-13308ed24c66,clearance.rodeo,available,12.99,12.99,high,low,9,namesilo,,,08/09/2026 08:11
6fda38ec-bbc4-449a-b85b-10f849ecae0f,anisette.rodeo,available,12.99,12.99,medium,low,8,namesilo,,,19/09/2026 09:29
2509a022-1399-4272-bf33-650a73e99ae5,savior.rodeo,available,13.98,17.98,high,low,6,namecheap,,,24/09/2026 14:49
bf127e74-a5b5-4996-9b9f-b49610050934,dogfish.rodeo,available,13.98,17.98,high,low,7,namecheap,,,18/09/2026 21:24
6c132e9b-da71-46c2-b42d-cd26e97eda26,dies.rodeo,available,12.99,12.99,medium,low,4,namesilo,,,25/09/2026 16:12
d1e23278-d3b3-45c7-9908-23772c17b761,preventive.rodeo,available,16.99,16.99,high,low,10,name.com,,,23/09/2026 22:24
eee8c833-5387-4309-b8ba-23b61430696b,mathews.rodeo,premium,47.2,11.8,medium,low,7,namesilo,,,27/09/2026 01:56
f1c35760-75ff-4793-acef-687f00ea2c5f,dispersal.rodeo,available,12.99,12.99,high,low,9,namesilo,,,24/09/2026 22:58
6d56dc67-76e4-4204-aa0d-8e39464dcd40,euphoric.rodeo,available,12.99,12.99,high,low,8,namesilo,,,17/08/2026 14:22
ab76255d-432f-434f-bef8-9444868a84e5,amanita.rodeo,available,16.99,16.99,medium,low,7,name.com,,,18/09/2026 15:43
2d9a46f1-c9a6-4804-96f0-c2b3d6c75928,winy.rodeo,available,12.99,12.99,medium,low,4,namesilo,,,13/09/2026 12:25
5cce2ffd-4a55-44e4-995b-2bcbf086010d,agreeable.rodeo,available,12.99,12.99,high,low,9,namesilo,,,21/09/2026 23:17
8e7263c2-860c-4df6-9ad8-723368c30216,ada.rodeo,premium,47.2,11.8,high,medium,3,namesilo,,,
42a65436-a3f1-4b03-8049-f87b538f9ffe,neolithic.rodeo,available,12.99,12.99,medium,low,9,namesilo,,,03/09/2026 15:25
e3d1c06a-0002-4cd6-b771-b758e74918c2,peirce.rodeo,available,13.98,17.98,high,low,6,namecheap,,,23/09/2026 08:23
954fc5c6-4fc6-4725-9447-d202cb32ddbe,euclidian.rodeo,available,12.99,12.99,medium,low,9,namesilo,,,17/08/2026 14:04
86264ac4-fb7d-44e0-8b53-c688512ad58f,breezily.rodeo,available,12.99,12.99,medium,low,8,namesilo,,,14/09/2026 01:28
957d9930-0c0e-4cb5-b657-eff3c1e4c009,reviving.rodeo,available,12.99,12.99,high,low,8,namesilo,,,09/09/2026 14:08
7d62aab0-09f8-4bb6-a9f6-5eeb72272149,afterlife.rodeo,available,12.99,12.99,high,low,9,namesilo,,,15/09/2026 00:23
ae3e7df0-fcbd-4ccf-bffe-e3cdbcd4a39b,belorussia.rodeo,available,12.99,12.99,medium,low,10,namesilo,,,23/09/2026 04:27
72eceb11-2c8c-4924-954e-7e5e6a850f16,shortly.rodeo,available,12.99,12.99,high,low,7,namesilo,,,
427c77bc-c977-4e35-b144-1238bf0cc1f5,antonymous.rodeo,available,12.99,12.99,medium,low,10,namesilo,,,05/08/2026 20:16
ec65aed3-2967-49a3-9b6a-964dfaba86a2,mingle.rodeo,available,12.99,12.99,high,low,6,namesilo,,,22/09/2026 03:11
a868ffa9-c380-4b8b-aa48-a0461245f191,zymotic.rodeo,available,12.99,12.99,medium,low,7,namesilo,,,13/09/2026 15:57
01601e4c-b680-492a-8b8b-f17219edc2c7,woolen.rodeo,available,12.99,12.99,high,low,6,namesilo,,,13/09/2026 13:13
d22623a7-9833-4f8e-a7bf-6826ce0332dc,kudos.rodeo,available,12.99,12.99,high,low,5,namesilo,,,
91588e76-95d1-4d45-af57-63dc72c87167,blende.rodeo,available,13.98,17.98,medium,low,6,namecheap,,,24/09/2026 05:43
b5e3510c-d4a1-4d00-98e5-f9f0fd97ec12,auspices.rodeo,available,12.99,12.99,high,low,8,namesilo,,,17/09/2026 12:16
752f95b8-d32f-48fc-9e3b-a502721b7247,cartoon.rodeo,available,12.99,12.99,high,low,7,namesilo,,,19/09/2026 08:59
30784d15-29e9-4f30-89ca-a3bf78d86824,thirteen.rodeo,available,13.98,17.98,high,low,8,namecheap,,,21/09/2026 11:32
a1b75562-6292-4133-b57e-a8a3e1ac6048,gladiolus.rodeo,available,12.99,12.99,high,low,9,namesilo,,,19/08/2026 00:06
c0700c41-1424-448b-9389-c5585b1e7afd,homo.rodeo,available,13.98,17.98,high,low,4,namecheap,,,18/08/2026 20:57
65d9bb1e-abbb-4164-85e8-b9065b66ce8d,shelters.rodeo,available,12.99,12.99,high,low,8,namesilo,,,20/09/2026 23:17
75b1cd11-ca1a-4663-8632-8f2140cdab00,amnesic.rodeo,available,12.99,12.99,medium,low,7,namesilo,,,
bd28e8e6-df98-46e4-801c-6dfa7b23ba80,delegation.rodeo,available,13.98,17.98,high,low,10,namecheap,,,24/09/2026 21:32
ca05f9b9-9346-483d-8e55-3c299ca43e3e,nervy.rodeo,available,12.99,12.99,medium,low,5,namesilo,,,11/08/2026 02:28
b2bf6365-5f72-41c4-904e-f342a44be71d,victories.rodeo,available,12.99,12.99,high,low,9,namesilo,,,18/09/2026 09:23
5d0fd328-6dc6-45fb-85fb-55eb7f485598,brooding.rodeo,available,12.99,12.99,high,low,8,namesilo,,,11/08/2026 05:52
1e9297f7-3062-4560-a9c4-c933b00a316d,recognition.rodeo,available,12.99,12.99,high,low,11,namesilo,,,
51fb8615-63c9-4c94-8631-fff3181cd8d2,headquarters.rodeo,available,12.99,12.99,high,low,12,namesilo,,,27/09/2026 02:02
ed2d3ae1-befa-471c-89f3-564a9acc6491,isthmian.rodeo,available,12.99,12.99,medium,low,8,namesilo,,,22/08/2026 11:34
fdd8c897-bba6-42f9-a7b8-91077281586a,nighttime.rodeo,available,12.99,12.99,high,low,9,namesilo,,,
ef026356-fae6-4378-a188-661e3c11b7f4,mesmeric.rodeo,available,13.98,17.98,medium,low,8,namecheap,,,24/08/2026 21:13
5573b835-8a3e-4f0a-845b-a38411d311b7,acrobatic.rodeo,available,13.98,17.98,high,low,9,namecheap,,,
00e2341b-da41-4d8c-9c98-ae327bcd589b,debase.rodeo,available,12.99,12.99,medium,low,6,namesilo,,,
b3bc2ff4-18a5-47f6-a0d1-d9dbc03edfe1,ointment.rodeo,available,12.99,12.99,high,low,8,namesilo,,,16/08/2026 15:54
c043ce2c-12d3-4106-91ff-ad70c8682876,backtalk.rodeo,available,12.99,12.99,medium,low,9,namesilo,,,21/09/2026 14:51
9f3eb2c1-592b-4b7d-be10-5a4067d8ec7d,legitimacy.rodeo,available,12.99,12.99,high,low,10,namesilo,,,21/09/2026 05:07
edc2974f-fc8f-4754-a139-3203eff1705a,uncut.rodeo,available,12.99,12.99,high,low,5,namesilo,,,12/09/2026 06:52
f8405eb3-3dc1-465e-870f-cd3ed31438bc,sartorial.rodeo,available,13.98,17.98,high,medium,9,namecheap,,,09/09/2026 21:32
ae6bb6dc-e8b6-4d21-940c-4a7b23e9eddb,nonuple.rodeo,available,12.99,12.99,low,low,7,namesilo,,,03/09/2026 17:30
403d4ea5-b552-4f6a-bc59-8631d85c1390,distract.rodeo,available,12.99,12.99,high,low,8,namesilo,,,
92bd8099-a447-4cea-a303-b57230749f7c,tantalum.rodeo,available,12.99,12.99,medium,low,8,namesilo,,,20/09/2026 23:42
8a7bfd87-7a14-44a1-b49a-ab3c9dac0f9f,awakening.rodeo,available,12.99,12.99,high,low,9,namesilo,,,
1ea2d352-ff1d-45ff-aa21-b70b0a22d905,builder.rodeo,available,12.99,12.99,high,low,7,namesilo,,,
88eaa310-c999-4fa4-9b78-51d7f41c097c,walk.rodeo,available,12.99,12.99,high,low,4,namesilo,,,
6fdbd68a-6807-48c4-89cc-f8546e90a071,geek.rodeo,available,12.99,12.99,high,low,4,namesilo,,,24/09/2026 13:17
dab62eae-32af-401b-9802-56ef87b1aff2,paparazzi.rodeo,available,12.99,12.99,high,low,9,namesilo,,,16/09/2026 14:02
73ee6d3b-a5a8-4805-bcc4-d249e34cc96e,cpu.rodeo,premium,96,11.8,high,low,3,namesilo,,,24/09/2026 11:27
b79357d1-7587-44ab-9dc9-fe0391cf23bc,veiled.rodeo,available,12.99,12.99,medium,low,6,namesilo,,,13/09/2026 01:50
1d100e68-84fa-4a60-b9cf-3c350fbd3b9e,debasement.rodeo,available,12.99,12.99,medium,low,10,namesilo,,,17/09/2026 10:16
a376d204-17ae-40e8-a6a3-ea10a8d36d27,harmonise.rodeo,available,12.99,12.99,high,low,9,namesilo,,,16/09/2026 22:55
a69c12e5-472f-4d32-98bd-a0c06ddfe51d,imitation.rodeo,available,12.99,12.99,high,low,9,namesilo,,,18/08/2026 00:14
38e09a01-458e-4ecd-bc84-b256c8ae367c,silhouettes.rodeo,available,12.99,12.99,medium,low,11,namesilo,,,20/09/2026 11:57
aa783358-d92a-48d0-9e3c-b74e753a56ad,drown.rodeo,available,12.99,12.99,medium,low,5,namesilo,,,
e115a9a4-2a6c-4d60-9b0e-5b4447268804,recaptured.rodeo,available,13.98,17.98,medium,low,10,namecheap,,,18/09/2026 19:20
e59241be-062d-4bd6-b6e8-f8db23dd8275,allie.rodeo,available,12.99,12.99,high,low,5,namesilo,,,17/09/2026 22:42
f8da98bc-0829-48ab-a4a6-2b5819383ce1,ruly.rodeo,available,13.98,17.98,high,medium,4,namecheap,,,09/09/2026 19:21
15c30e22-a81b-497a-bb21-ac543d6dff37,bender.rodeo,premium,47.2,11.8,high,low,6,namesilo,,,23/09/2026 07:44
c2e1740d-4cf5-4b0b-a3cc-634075d3cc10,santa.rodeo,premium,47.2,11.8,high,low,5,namesilo,,,
7821ceb5-d432-4609-847e-8851d5e53ed2,jeer.rodeo,available,12.99,12.99,medium,low,4,namesilo,,,22/08/2026 12:37
6b7dafb4-e6aa-45c1-940d-8d1186ca9046,distinctions.rodeo,available,12.99,12.99,medium,low,12,namesilo,,,20/09/2026 03:54
4be8ae78-3af7-4ef1-911f-e710fec55a8c,acetonic.rodeo,available,12.99,12.99,medium,low,8,namesilo,,,
686945f3-a610-444c-aa83-8881c23ad806,austerity.rodeo,available,12.99,12.99,medium,low,9,namesilo,,,21/09/2026 04:40
cc6cd1d1-a797-4c91-878e-6bf18dee3dd6,adding.rodeo,available,12.99,12.99,high,low,6,namesilo,,,
488618c2-da13-4e95-9a20-e1765a7317f0,allium.rodeo,available,12.99,12.99,high,low,6,namesilo,,,18/09/2026 11:13
eee7270a-840b-4b81-a03b-bfd9598d95f7,stygian.rodeo,available,12.99,12.99,medium,low,7,namesilo,,,
d0c850d3-51b3-495a-8e78-1da861da7280,ormazd.rodeo,available,13.98,17.98,medium,low,6,namecheap,,,17/09/2026 20:41
10ece677-5ac5-466c-9f0d-f86deb4c85c8,money.rodeo,premium,250,,high,medium,5,name.com,,,
f70b657d-db23-4963-b41c-f80b3f252960,observations.rodeo,available,13.98,17.98,medium,low,12,namecheap,,,17/09/2026 08:04
4a9bcd02-2250-4783-acac-6756edac33df,abdication.rodeo,available,13.98,17.98,medium,low,10,namecheap,,,16/09/2026 14:43
bba9c1aa-d777-4502-9b65-1d96b9363fec,archaic.rodeo,available,12.99,12.99,high,low,7,namesilo,,,
3cb55b5c-80be-472c-ab76-14c6076a0c19,knocker.rodeo,available,12.99,12.99,medium,low,7,namesilo,,,24/09/2026 22:02
bda081a7-f87b-4de3-9f37-c56433d76285,biped.rodeo,available,12.99,12.99,high,low,5,namesilo,,,10/08/2026 05:14
de331053-e0f1-4f4a-860f-159c8b1dae6b,predaceous.rodeo,available,12.99,12.99,high,medium,10,namesilo,,,09/09/2026 01:22
21b1a206-4893-4cba-a5a5-da6187e33fe7,felted.rodeo,available,12.99,12.99,medium,low,6,namesilo,,,18/08/2026 01:00
de38f4e1-eb7f-4f1f-aa76-47240ee59778,consumption.rodeo,available,12.99,12.99,high,low,11,namesilo,,,
db93b87a-7b0d-403c-a02f-c0a05039205c,loot.rodeo,available,12.99,12.99,high,low,4,namesilo,,,24/09/2026 06:49
bf09ee98-082f-4d10-93a6-1156cab12b24,austenite.rodeo,available,12.99,12.99,medium,low,9,namesilo,,,21/09/2026 04:39
8a1ff97b-78d5-4e6c-8431-ae9147b66a6a,yule.rodeo,available,12.99,12.99,high,low,4,namesilo,,,24/09/2026 14:52
a6448e2f-9909-4ed2-8481-b8051d0560d1,zonal.rodeo,available,12.99,12.99,medium,low,5,namesilo,,,13/09/2026 15:29
8e35f0cf-f7b0-41ea-b754-0f8e0285c936,vociferous.rodeo,available,12.99,12.99,medium,low,10,namesilo,,,12/08/2026 09:21
2634eeca-67b5-42d1-a126-121cc9e18dd0,grandparents.rodeo,available,13.98,17.98,high,low,12,namecheap,,,18/09/2026 06:12
9fe99906-dcad-4245-9f42-c836e130d930,securing.rodeo,available,12.99,12.99,medium,low,8,namesilo,,,
1dd26ff7-fcdb-4114-bcb0-9776e63f359b,arequipa.rodeo,available,12.99,12.99,medium,low,8,namesilo,,,20/09/2026 03:53
d82caf74-4654-4650-988a-7dee4e93b168,cherubic.rodeo,available,12.99,12.99,high,low,8,namesilo,,,12/08/2026 04:25
2e21d864-fa69-42b4-acf6-f413504dd03c,blonde.rodeo,premium,242,11.8,high,low,6,namesilo,,,22/09/2026 22:17
6b5e2aa1-1642-4aa5-be2a-2c6be49bdf8f,syndicate.rodeo,available,12.99,12.99,high,low,9,namesilo,,,24/09/2026 17:30
7a2940b5-785e-466f-8b6c-798009faba1f,majestic.rodeo,available,12.99,12.99,high,low,8,namesilo,,,25/09/2026 16:12
e59f3776-ecf7-4f17-a755-4d7dc3cdad11,moslem.rodeo,available,12.99,12.99,high,low,6,namesilo,,,22/08/2026 10:47
411698c6-c46f-40dc-b41d-c30e50db2f1e,counted.rodeo,available,16.99,,medium,low,7,name.com,,,
92a5a0e6-23f7-44f8-b896-3f533df38f1a,blithely.rodeo,available,12.99,12.99,medium,low,8,namesilo,,,14/09/2026 00:31
0f943f3b-4003-446b-9cf3-2358fd5571b6,disjoint.rodeo,available,12.99,12.99,medium,low,8,namesilo,,,14/08/2026 11:09
017d09cd-9e38-4bfa-86d5-21ed6f800504,queenly.rodeo,available,12.99,12.99,high,low,7,namesilo,,,09/09/2026 07:52
374c71a2-707e-4aee-a19f-c349e1f61d3f,bilsted.rodeo,available,,,medium,low,7,,,,18/09/2026 20:49
6079b527-12ab-4f6e-bb32-3d102f04378c,firm.rodeo,available,12.99,12.99,high,low,4,namesilo,,,25/09/2026 10:46
169877b1-169c-47e6-9b9e-75c893f25bde,oneiric.rodeo,available,12.99,12.99,medium,low,7,namesilo,,,04/09/2026 15:12
d8143239-1750-4997-9549-379ebc7ef325,ankylosaur.rodeo,available,12.99,12.99,medium,low,10,namesilo,,,19/09/2026 09:52
ab4a96d2-1c3b-4c0c-acea-4ff0513a2fb6,luminary.rodeo,available,12.99,12.99,high,low,8,namesilo,,,03/09/2026 22:03
7259313f-dab3-437e-bba1-067ea17d4018,neighborly.rodeo,available,12.99,12.99,high,low,10,namesilo,,,03/09/2026 15:16
b0a370bb-2ac5-49a8-ba41-41bc2069497b,jilted.rodeo,available,12.99,12.99,medium,low,6,namesilo,,,22/08/2026 13:23
f052ce2c-6088-430a-b438-77a8a54d1534,abetter.rodeo,available,12.99,12.99,medium,low,7,namesilo,,,16/09/2026 15:19
669bb7a3-d59f-4062-a933-eae25ada2de4,thirteenth.rodeo,available,12.99,12.99,high,low,10,namesilo,,,
a145a869-0465-477a-a8fb-6bfe1a39daf4,homeward.rodeo,available,12.99,12.99,high,low,8,namesilo,,,21/08/2026 11:22
a8eab778-b64a-4379-89b3-09d067f93a87,unbolted.rodeo,available,12.99,12.99,medium,low,8,namesilo,,,12/09/2026 01:36
c78deda3-200b-4ddd-9efc-db70f0b0b450,ive.rodeo,available,12.99,12.99,high,low,3,namesilo,,,
1b3ac96b-7b05-43e4-bb36-76903515e09a,upcoming.rodeo,available,12.99,12.99,high,low,8,namesilo,,,06/08/2026 08:39
ab6019d8-d5cb-4453-9d9c-699f3a7e3a15,acromion.rodeo,available,12.99,12.99,medium,low,8,namesilo,,,17/09/2026 03:49
cf7f2ea7-dd3b-4685-9ba2-df586fbabf7d,stood.rodeo,available,12.99,12.99,medium,low,5,namesilo,,,
f52ec7af-e8b9-4ca5-b58a-bab59b153d31,humiliated.rodeo,available,12.99,12.99,medium,low,10,namesilo,,,21/08/2026 15:03
0747331c-1335-4306-b86d-b7bc21718215,estimation.rodeo,available,12.99,12.99,high,low,10,namesilo,,,19/09/2026 22:26
26616037-af0e-470d-b61d-cec7d42dbfb0,fierce.rodeo,available,12.99,12.99,high,low,6,namesilo,,,23/09/2026 01:48
678a38e5-3df7-43d1-96e2-5ce4b471d7ca,focussed.rodeo,available,12.99,12.99,high,low,8,namesilo,,,18/08/2026 09:47
aa09bb2e-19b5-4634-9502-2a9483c1f333,alir.rodeo,available,12.99,12.99,medium,low,4,namesilo,,,17/08/2026 22:11
c4ce4c6a-98a5-4fc8-80e0-2a656b68de5d,vary.rodeo,available,12.99,12.99,high,low,4,namesilo,,,25/09/2026 21:59
c0751151-5c68-4505-b787-180e407c7540,intrepid.rodeo,available,12.99,12.99,high,low,8,namesilo,,,22/09/2026 12:24
b2ce63a0-e8a3-44fb-99a4-28593cfc7e4e,ideologic.rodeo,available,13.98,17.98,medium,low,9,namecheap,,,21/08/2026 18:04
655c0742-f8c3-4c70-b761-81c3a0e2a3b3,divert.rodeo,available,12.99,12.99,high,low,6,namesilo,,,24/09/2026 07:57
77af1c3e-0791-4799-82e2-a7edb9bdd5c4,mutation.rodeo,available,12.99,12.99,high,low,8,namesilo,,,03/09/2026 11:41
1a5ca556-99ef-43ac-a678-4be7a0aabf59,darned.rodeo,available,12.99,12.99,medium,low,6,namesilo,,,10/08/2026 12:41
5e102404-88dd-4bcf-ad56-f2b619cd0ba9,envious.rodeo,available,12.99,12.99,high,low,7,namesilo,,,24/09/2026 01:02
c6268468-10b3-4f6c-9e3d-7a4a904b8324,admired.rodeo,available,13.98,17.98,high,low,7,namecheap,,,21/09/2026 18:53
8c003416-e44b-4192-be16-a17c6db0f2a8,offence.rodeo,available,12.99,12.99,medium,low,7,namesilo,,,04/09/2026 01:34
54c8cd07-da19-44d2-b85e-ec1bc6eddd39,pilary.rodeo,available,12.99,12.99,high,medium,6,namesilo,,,08/09/2026 19:40
bccb56ce-880b-43c9-ad34-a533174f50b5,ingenuity.rodeo,available,12.99,12.99,high,low,9,namesilo,,,24/09/2026 15:35
7253bce2-8a46-4274-9591-53debcbad14c,pragmatic.rodeo,available,12.99,12.99,high,low,9,namesilo,,,21/08/2026 00:30
54115609-9f15-4899-a686-9997e404f2e7,saharan.rodeo,available,13.98,17.98,high,medium,7,namecheap,,,09/09/2026 20:49
0f868cb4-b46b-49f9-a2ff-87c14505b66f,aerobatics.rodeo,available,13.98,17.98,high,low,10,namecheap,,,17/09/2026 12:53
9c23714b-359f-4da7-b55e-5942ead8524e,suomi.rodeo,available,12.99,12.99,high,low,5,namesilo,,,18/08/2026 05:05
9619f2c5-2264-4e4b-843a-298a3be5dd06,curtain.rodeo,available,16.99,,high,low,7,name.com,,,
cd8d851d-9fbb-4779-aca6-a50090748419,playaround.rodeo,available,12.99,12.99,medium,low,11,namesilo,,,17/09/2026 06:03
9d6f29fa-d60b-45f7-bdac-557710c0afd7,illinois.rodeo,premium,1000,16.99,high,low,8,name.com,,,21/08/2026 18:40
b8b478c2-9de7-49ba-b163-af0b351c5426,routine.rodeo,available,12.99,12.99,high,low,7,namesilo,,,24/09/2026 15:39
048f8e58-8ac5-49b8-bafb-a209ec722805,leafless.rodeo,available,12.99,12.99,medium,low,8,namesilo,,,22/08/2026 21:56
d03ad200-20aa-40f3-a8d8-4bc18662c6ac,owen.rodeo,premium,47.2,11.8,high,low,4,namesilo,,,25/09/2026 09:42
5e86c7cc-9223-4f42-b7e3-3529f4f850de,weekend.rodeo,available,12.99,12.99,high,low,7,namesilo,,,26/09/2026 00:30
427bfae9-9f33-4a2d-9785-edae890bb7bf,beveridge.rodeo,available,13.98,17.98,medium,low,9,namecheap,,,23/09/2026 12:04
c3776c42-537b-4fd7-bb50-8ce186a2fe1b,compilers.rodeo,available,12.99,12.99,medium,low,9,namesilo,,,
6541d0f6-a5ad-4ffc-8dfc-161871d5cb24,bucks.rodeo,premium,242,11.8,high,low,5,namesilo,,,25/09/2026 13:26
2f02379c-ecd0-4af7-8095-200ec6b3e427,dataflow.rodeo,available,12.99,12.99,high,low,9,namesilo,,,04/09/2026 04:48
b8c67c7a-10ce-4ef5-ae98-4442d1be7b92,getable.rodeo,available,12.99,12.99,medium,low,7,namesilo,,,18/08/2026 23:04
6f391dcc-6e6c-4b62-ace2-0dd2be90055b,somber.rodeo,available,12.99,12.99,medium,low,6,namesilo,,,10/09/2026 14:00
404cecaa-704d-4f4a-aea0-c832b1fad311,marduk.rodeo,available,12.99,12.99,high,low,6,namesilo,,,21/09/2026 12:06
4d988292-085d-44a3-91d2-6f4d2b165a66,apocryphal.rodeo,available,12.99,12.99,high,low,10,namesilo,,,06/08/2026 01:11
3b931a12-4274-432c-90a8-bfb73742deb8,produced.rodeo,available,12.99,12.99,medium,low,8,namesilo,,,19/09/2026 16:32
e14bafe9-f41d-4367-b2d1-816e37191029,waxing.rodeo,available,12.99,12.99,high,low,6,namesilo,,,13/09/2026 08:44
7fe9e13d-6168-44cf-b0b9-a060eb7313e7,assertive.rodeo,available,12.99,12.99,medium,low,9,namesilo,,,07/08/2026 05:59
ab6e4550-7533-4456-a9aa-363f6e860d4d,reign.rodeo,available,12.99,12.99,high,medium,5,namesilo,,,09/09/2026 01:30
837319ba-4970-43f2-accc-becf666504f6,protozoan.rodeo,available,12.99,12.99,high,low,9,namesilo,,,09/09/2026 04:12
ab51b22b-8715-447f-9b0c-6a07a2d364c3,basting.rodeo,available,12.99,12.99,medium,low,7,namesilo,,,22/09/2026 12:43
375934f0-9ebf-4d28-8fd5-debaab6b99ea,biopsy.rodeo,available,13.98,17.98,high,low,6,namecheap,,,23/09/2026 18:55
5e5fb5be-861c-464b-a0dd-d19e123acfce,tannish.rodeo,available,12.99,12.99,medium,low,7,namesilo,,,11/09/2026 08:03
4b169e94-d563-4dd8-8990-c0185f9a497f,oxidative.rodeo,available,12.99,12.99,medium,low,9,namesilo,,,04/09/2026 22:23
b819bf14-3543-40ec-a5cb-e21a43b662d6,risk.rodeo,available,12.99,12.99,high,low,4,namesilo,,,08/09/2026 12:49
6198b904-8217-4be8-82aa-a6f995f36c96,adsorption.rodeo,available,12.99,12.99,medium,low,10,namesilo,,,17/09/2026 10:05
5aea68f7-6373-464a-9b8e-2591678d63f5,unused.rodeo,available,12.99,12.99,medium,low,6,namesilo,,,
26ca76a6-e2ab-4160-aa9a-9b9dff23835f,lesser.rodeo,available,12.99,12.99,medium,low,6,namesilo,,,23/08/2026 00:24
95ec631f-9d93-485b-b62a-411283fc78ce,restful.rodeo,available,12.99,12.99,high,low,7,namesilo,,,09/09/2026 13:26
5281246b-93aa-40a0-bf6e-d3b12d0f05d8,psychology.rodeo,available,12.99,12.99,high,low,10,namesilo,,,
7151732a-c316-4067-bd56-3edf10dad0a5,navel.rodeo,available,13.98,17.98,high,low,5,namecheap,,,23/09/2026 06:35
02001729-bb83-4ade-9228-16f4f6a53506,brow.rodeo,available,16.99,,high,low,4,name.com,,,
02ef8437-8155-4edd-b515-6ee3f6bfb0f4,murmur.rodeo,available,12.99,12.99,high,low,6,namesilo,,,03/09/2026 11:16